Q4,C1_1,C1_2,C1_3,C1_4,C1_5,C1_6,C1_7,C1_8,C1_9,C1_10,C1_11,C1_12,C2_1,C2_2,C2_3,C2_4,C2_5,C2_6,C2_7,C2_8,C2_9,C2_10,C2_11,C2_12,C3_1,C3_2,C3_3,C3_4,C3_5,C3_6,C3_7,C3_8,C3_9,C3_10,C3_11,C3_12,C4_1,C4_2,C4_3,C4_4,C4_5,C4_6,C4_7,C4_8,C4_9,C4_10,C4_11,C4_12,C5_1,C5_2,C5_3,C5_4,C5_5,C5_6,C5_7,C5_8,C5_9,C5_10,C5_11,C5_12,C6_1,C6_2,C6_3,C6_4,C6_5,C6_6,C6_7,C6_8,C6_9,C6_10,C6_11,C6_12,C7_1,C7_2,C7_3,C7_4,C7_5,C7_6,C7_7,C7_8,C7_9,C7_10,C7_11,C7_12
"Which of the following social media have you used in the past three months?


You will be asked a series of 26 questions about each social media you select. Approximate timings are as follows:

1-4 social media: 10 minutes

4-8 social media: 15 minutes

8-12 social media: 20 minutes","I see positive conversation (ex. Friendly chit chat, education, humor) on the platform. - Twitter","I see positive conversation (ex. Friendly chit chat, education, humor) on the platform. - Instagram","I see positive conversation (ex. Friendly chit chat, education, humor) on the platform. - Reddit","I see positive conversation (ex. Friendly chit chat, education, humor) on the platform. - Tumblr","I see positive conversation (ex. Friendly chit chat, education, humor) on the platform. - Tik Tok","I see positive conversation (ex. Friendly chit chat, education, humor) on the platform. - BeReal","I see positive conversation (ex. Friendly chit chat, education, humor) on the platform. - YouTube","I see positive conversation (ex. Friendly chit chat, education, humor) on the platform. - Snapchat","I see positive conversation (ex. Friendly chit chat, education, humor) on the platform. - Facebook","I see positive conversation (ex. Friendly chit chat, education, humor) on the platform. - 4Chan","I see positive conversation (ex. Friendly chit chat, education, humor) on the platform. - LinkedIn","I see positive conversation (ex. Friendly chit chat, education, humor) on the platform. - Twitch","I see negative conversation (ex. Disputes, name-calling, trolling) on the platform. - Twitter","I see negative conversation (ex. Disputes, name-calling, trolling) on the platform. - Instagram","I see negative conversation (ex. Disputes, name-calling, trolling) on the platform. - Reddit","I see negative conversation (ex. Disputes, name-calling, trolling) on the platform. - Tumblr","I see negative conversation (ex. Disputes, name-calling, trolling) on the platform. - Tik Tok","I see negative conversation (ex. Disputes, name-calling, trolling) on the platform. - BeReal","I see negative conversation (ex. Disputes, name-calling, trolling) on the platform. - YouTube","I see negative conversation (ex. Disputes, name-calling, trolling) on the platform. - Snapchat","I see negative conversation (ex. Disputes, name-calling, trolling) on the platform. - Facebook","I see negative conversation (ex. Disputes, name-calling, trolling) on the platform. - 4Chan","I see negative conversation (ex. Disputes, name-calling, trolling) on the platform. - LinkedIn","I see negative conversation (ex. Disputes, name-calling, trolling) on the platform. - Twitch",I see perspectives and opinions that are different from my own on the platform. - Twitter,I see perspectives and opinions that are different from my own on the platform. - Instagram,I see perspectives and opinions that are different from my own on the platform. - Reddit,I see perspectives and opinions that are different from my own on the platform. - Tumblr,I see perspectives and opinions that are different from my own on the platform. - Tik Tok,I see perspectives and opinions that are different from my own on the platform. - BeReal,I see perspectives and opinions that are different from my own on the platform. - YouTube,I see perspectives and opinions that are different from my own on the platform. - Snapchat,I see perspectives and opinions that are different from my own on the platform. - Facebook,I see perspectives and opinions that are different from my own on the platform. - 4Chan,I see perspectives and opinions that are different from my own on the platform. - LinkedIn,I see perspectives and opinions that are different from my own on the platform. - Twitch,The platform prioritizes my friends’ posts over other posts. - Twitter,The platform prioritizes my friends’ posts over other posts. - Instagram,The platform prioritizes my friends’ posts over other posts. - Reddit,The platform prioritizes my friends’ posts over other posts. - Tumblr,The platform prioritizes my friends’ posts over other posts. - Tik Tok,The platform prioritizes my friends’ posts over other posts. - BeReal,The platform prioritizes my friends’ posts over other posts. - YouTube,The platform prioritizes my friends’ posts over other posts. - Snapchat,The platform prioritizes my friends’ posts over other posts. - Facebook,The platform prioritizes my friends’ posts over other posts. - 4Chan,The platform prioritizes my friends’ posts over other posts. - LinkedIn,The platform prioritizes my friends’ posts over other posts. - Twitch,The platform prioritizes sponsored posts over other posts. - Twitter,The platform prioritizes sponsored posts over other posts. - Instagram,The platform prioritizes sponsored posts over other posts. - Reddit,The platform prioritizes sponsored posts over other posts. - Tumblr,The platform prioritizes sponsored posts over other posts. - Tik Tok,The platform prioritizes sponsored posts over other posts. - BeReal,The platform prioritizes sponsored posts over other posts. - YouTube,The platform prioritizes sponsored posts over other posts. - Snapchat,The platform prioritizes sponsored posts over other posts. - Facebook,The platform prioritizes sponsored posts over other posts. - 4Chan,The platform prioritizes sponsored posts over other posts. - LinkedIn,The platform prioritizes sponsored posts over other posts. - Twitch,I see two-way discussion between content creators and audiences on the platform. - Twitter,I see two-way discussion between content creators and audiences on the platform. - Instagram,I see two-way discussion between content creators and audiences on the platform. - Reddit,I see two-way discussion between content creators and audiences on the platform. - Tumblr,I see two-way discussion between content creators and audiences on the platform. - Tik Tok,I see two-way discussion between content creators and audiences on the platform. - BeReal,I see two-way discussion between content creators and audiences on the platform. - YouTube,I see two-way discussion between content creators and audiences on the platform. - Snapchat,I see two-way discussion between content creators and audiences on the platform. - Facebook,I see two-way discussion between content creators and audiences on the platform. - 4Chan,I see two-way discussion between content creators and audiences on the platform. - LinkedIn,I see two-way discussion between content creators and audiences on the platform. - Twitch,It is easy to make new friends on the platform. - Twitter,It is easy to make new friends on the platform. - Instagram,It is easy to make new friends on the platform. - Reddit,It is easy to make new friends on the platform. - Tumblr,It is easy to make new friends on the platform. - Tik Tok,It is easy to make new friends on the platform. - BeReal,It is easy to make new friends on the platform. - YouTube,It is easy to make new friends on the platform. - Snapchat,It is easy to make new friends on the platform. - Facebook,It is easy to make new friends on the platform. - 4Chan,It is easy to make new friends on the platform. - LinkedIn,It is easy to make new friends on the platform. - Twitch
"{""ImportId"":""QID18""}","{""ImportId"":""QID49_x1""}","{""ImportId"":""QID49_x2""}","{""ImportId"":""QID49_x3""}","{""ImportId"":""QID49_x4""}","{""ImportId"":""QID49_x5""}","{""ImportId"":""QID49_x6""}","{""ImportId"":""QID49_x7""}","{""ImportId"":""QID49_x8""}","{""ImportId"":""QID49_x9""}","{""ImportId"":""QID49_x10""}","{""ImportId"":""QID49_x11""}","{""ImportId"":""QID49_x12""}","{""ImportId"":""QID50_x1""}","{""ImportId"":""QID50_x2""}","{""ImportId"":""QID50_x3""}","{""ImportId"":""QID50_x4""}","{""ImportId"":""QID50_x5""}","{""ImportId"":""QID50_x6""}","{""ImportId"":""QID50_x7""}","{""ImportId"":""QID50_x8""}","{""ImportId"":""QID50_x9""}","{""ImportId"":""QID50_x10""}","{""ImportId"":""QID50_x11""}","{""ImportId"":""QID50_x12""}","{""ImportId"":""QID51_x1""}","{""ImportId"":""QID51_x2""}","{""ImportId"":""QID51_x3""}","{""ImportId"":""QID51_x4""}","{""ImportId"":""QID51_x5""}","{""ImportId"":""QID51_x6""}","{""ImportId"":""QID51_x7""}","{""ImportId"":""QID51_x8""}","{""ImportId"":""QID51_x9""}","{""ImportId"":""QID51_x10""}","{""ImportId"":""QID51_x11""}","{""ImportId"":""QID51_x12""}","{""ImportId"":""QID52_x1""}","{""ImportId"":""QID52_x2""}","{""ImportId"":""QID52_x3""}","{""ImportId"":""QID52_x4""}","{""ImportId"":""QID52_x5""}","{""ImportId"":""QID52_x6""}","{""ImportId"":""QID52_x7""}","{""ImportId"":""QID52_x8""}","{""ImportId"":""QID52_x9""}","{""ImportId"":""QID52_x10""}","{""ImportId"":""QID52_x11""}","{""ImportId"":""QID52_x12""}","{""ImportId"":""QID53_x1""}","{""ImportId"":""QID53_x2""}","{""ImportId"":""QID53_x3""}","{""ImportId"":""QID53_x4""}","{""ImportId"":""QID53_x5""}","{""ImportId"":""QID53_x6""}","{""ImportId"":""QID53_x7""}","{""ImportId"":""QID53_x8""}","{""ImportId"":""QID53_x9""}","{""ImportId"":""QID53_x10""}","{""ImportId"":""QID53_x11""}","{""ImportId"":""QID53_x12""}","{""ImportId"":""QID54_x1""}","{""ImportId"":""QID54_x2""}","{""ImportId"":""QID54_x3""}","{""ImportId"":""QID54_x4""}","{""ImportId"":""QID54_x5""}","{""ImportId"":""QID54_x6""}","{""ImportId"":""QID54_x7""}","{""ImportId"":""QID54_x8""}","{""ImportId"":""QID54_x9""}","{""ImportId"":""QID54_x10""}","{""ImportId"":""QID54_x11""}","{""ImportId"":""QID54_x12""}","{""ImportId"":""QID55_x1""}","{""ImportId"":""QID55_x2""}","{""ImportId"":""QID55_x3""}","{""ImportId"":""QID55_x4""}","{""ImportId"":""QID55_x5""}","{""ImportId"":""QID55_x6""}","{""ImportId"":""QID55_x7""}","{""ImportId"":""QID55_x8""}","{""ImportId"":""QID55_x9""}","{""ImportId"":""QID55_x10""}","{""ImportId"":""QID55_x11""}","{""ImportId"":""QID55_x12""}"
,,,,,,,,,,,,,,,,,,,,,,,,,,,,,,,,,,,,,,,,,,,,,,,,,,,,,,,,,,,,,,,,,,,,,,,,,,,,,,,,,,,,
"Twitter,Instagram,Reddit,Tumblr,Tik Tok,BeReal,YouTube,Snapchat,LinkedIn,Twitch",,,,,,,,,,,,,,,,,,,,,,,,,,,,,,,,,,,,,,,,,,,,,,,,,,,,,,,,,,,,,,,,,,,,,,,,,,,,,,,,,,,,
"Twitter,Instagram,Reddit,Tumblr,Tik Tok,BeReal,YouTube,Snapchat,LinkedIn,Twitch",Very Rarely,Rarely,Very Rarely,Very Rarely,Rarely,Occasionally,Very Rarely,Rarely,,,Very Rarely,Very Rarely,Very Rarely,Occasionally,Very Rarely,Rarely,Very Rarely,Occasionally,Rarely,Frequently,,,Occasionally,Rarely,Very Rarely,Occasionally,Rarely,Frequently,Frequently,Occasionally,Rarely,Frequently,,,Occasionally,Rarely,Slightly disagree,Slightly agree,Agree,Agree,Agree,Disagree,Agree,Slightly disagree,,,Disagree,Agree,Disagree,Strongly disagree,Agree,Slightly agree,Slightly agree,Strongly agree,Slightly agree,Disagree,,,Disagree,Slightly disagree,Rarely,Frequently,Frequently,Very Rarely,Very Rarely,Frequently,Rarely,Frequently,,,Frequently,Very Rarely,Disagree,Agree,Strongly agree,Slightly disagree,Slightly agree,Strongly agree,Strongly agree,Disagree,,,Slightly disagree,Strongly agree
,,,,,,,,,,,,,,,,,,,,,,,,,,,,,,,,,,,,,,,,,,,,,,,,,,,,,,,,,,,,,,,,,,,,,,,,,,,,,,,,,,,,
"BeReal,Snapchat,Facebook",,,,,,Occasionally,,Frequently,Frequently,,,,,,,,,,,,,,,,,,,,,,,,,,,,,,,,,,,,,,,,,,,,,,,,,,,,,,,,,,,,,,,,,,,,,,,,,,,
"Reddit,YouTube,Facebook,LinkedIn",,,Frequently,,,,Rarely,,Very Frequently,,Occasionally,,,,Very Frequently,,,,Very Frequently,,Occasionally,,Very Rarely,,,,Never,,,,Very Rarely,,Frequently,,Frequently,,,,Slightly disagree,,,,Disagree,,Slightly disagree,,Agree,,,,Agree,,,,Agree,,Agree,,Slightly agree,,,,Rarely,,,,Never,,Frequently,,Frequently,,,,Disagree,,,,Disagree,,Strongly agree,,Agree,
"Reddit,YouTube,Snapchat",,,Very Frequently,,,,Occasionally,Frequently,,,,,,,Very Frequently,,,,Frequently,Frequently,,,,,,,Frequently,,,,Frequently,Frequently,,,,,,,Strongly disagree,,,,Disagree,Strongly agree,,,,,,,Slightly agree,,,,Agree,Strongly agree,,,,,,,Very Frequently,,,,Rarely,Occasionally,,,,,,,Disagree,,,,Strongly disagree,Slightly agree,,,,
"Instagram,Tik Tok,BeReal,YouTube,Snapchat,Facebook",,Frequently,,,Frequently,Rarely,Frequently,Frequently,Occasionally,,,,,Very Rarely,,,Rarely,Never,Very Rarely,Very Rarely,Frequently,,,,,Rarely,,,Rarely,Very Rarely,Occasionally,Very Rarely,Occasionally,,,,,Strongly agree,,,Disagree,Strongly agree,Slightly disagree,Strongly agree,Slightly agree,,,,,Disagree,,,Disagree,Strongly disagree,Slightly disagree,Disagree,Strongly agree,,,,,Occasionally,,,Frequently,Rarely,Frequently,Never,Very Frequently,,,,,Slightly disagree,,,Disagree,Strongly disagree,Disagree,Strongly disagree,Agree,,,
"Instagram,Reddit,BeReal,YouTube,Snapchat,LinkedIn",,Frequently,Occasionally,,,Occasionally,Occasionally,Occasionally,,,Occasionally,,,Frequently,Very Frequently,,,Never,Very Frequently,Very Frequently,,,Rarely,,,Occasionally,Occasionally,,,Occasionally,Rarely,Occasionally,,,Rarely,,,Agree,Slightly disagree,,,Strongly agree,Disagree,Strongly agree,,,Agree,,,Agree,Agree,,,Strongly disagree,Disagree,Strongly agree,,,Disagree,,,Occasionally,Very Frequently,,,Never,Frequently,Very Rarely,,,Rarely,,,Agree,Disagree,,,Disagree,Strongly disagree,Disagree,,,Slightly disagree,
"Instagram,Tik Tok,YouTube,Snapchat,Facebook",,Frequently,,,Rarely,,Occasionally,Occasionally,Occasionally,,,,,Very Frequently,,,Very Frequently,,Very Frequently,Rarely,Very Frequently,,,,,Occasionally,,,Rarely,,Occasionally,Occasionally,Frequently,,,,,Agree,,,Disagree,,Disagree,Agree,Disagree,,,,,Slightly agree,,,Slightly disagree,,Strongly agree,Strongly agree,Slightly agree,,,,,Occasionally,,,Rarely,,Rarely,Occasionally,Frequently,,,,,Strongly agree,,,Strongly agree,,Disagree,Strongly disagree,Slightly disagree,,,
"Instagram,Tik Tok,Snapchat,LinkedIn",,Frequently,,,Frequently,,,Frequently,,,Very Frequently,,,Occasionally,,,Occasionally,,,Very Rarely,,,Never,,,Frequently,,,Occasionally,,,Frequently,,,Rarely,,,Agree,,,Strongly agree,,,Strongly agree,,,Strongly agree,,,Strongly agree,,,Slightly agree,,,Slightly agree,,,Slightly agree,,,Occasionally,,,Very Frequently,,,Occasionally,,,Frequently,,,Slightly agree,,,Slightly disagree,,,Agree,,,Strongly agree,
"Twitter,Instagram,Reddit,Tik Tok,BeReal,YouTube,Snapchat,LinkedIn",Frequently,Rarely,Very Frequently,,Occasionally,Very Frequently,Very Frequently,Very Rarely,,,Occasionally,,Very Frequently,Frequently,Frequently,,Frequently,Never,Occasionally,Never,,,Very Rarely,,Very Frequently,Rarely,Very Frequently,,Very Frequently,Rarely,Frequently,Rarely,,,Occasionally,,Strongly agree,Agree,Strongly disagree,,Strongly agree,Strongly agree,Strongly disagree,Strongly agree,,,Agree,,Agree,Slightly agree,Slightly agree,,Slightly agree,Strongly disagree,Slightly disagree,Agree,,,Slightly agree,,Very Frequently,Never,Occasionally,,Very Rarely,Frequently,Very Frequently,Never,,,Very Rarely,,Strongly disagree,Strongly disagree,Strongly disagree,,Strongly disagree,Slightly agree,Strongly disagree,Slightly disagree,,,Strongly disagree,
"Twitter,Instagram,Reddit,Tumblr,Tik Tok,BeReal,YouTube,Snapchat,LinkedIn",Frequently,Very Frequently,Very Frequently,Frequently,Very Frequently,Frequently,Frequently,Very Frequently,,,Occasionally,,Very Frequently,Frequently,Very Frequently,Never,Very Frequently,Rarely,Occasionally,Rarely,,,Rarely,,Very Frequently,Occasionally,Frequently,Rarely,Very Frequently,Never,Occasionally,Frequently,,,Frequently,,Slightly agree,Disagree,Slightly disagree,Slightly disagree,Strongly disagree,Strongly agree,Slightly disagree,Slightly agree,,,Disagree,,Agree,Strongly agree,Slightly agree,Strongly disagree,Agree,Strongly disagree,Agree,Agree,,,Agree,,Never,Rarely,Very Frequently,Never,Occasionally,Never,Never,Very Rarely,,,Rarely,,Slightly agree,Agree,Disagree,Disagree,Slightly agree,Agree,Disagree,Agree,,,Slightly agree,
"YouTube,Facebook",,,,,,,Occasionally,,Frequently,,,,,,,,,,Rarely,,Frequently,,,,,,,,,,Occasionally,,Very Frequently,,,,,,,,,,Disagree,,Slightly agree,,,,,,,,,,Slightly agree,,Agree,,,,,,,,,,Rarely,,Occasionally,,,,,,,,,,Disagree,,Strongly agree,,,
,,,,,,,,,,,,,,,,,,,,,,,,,,,,,,,,,,,,,,,,,,,,,,,,,,,,,,,,,,,,,,,,,,,,,,,,,,,,,,,,,,,,
"Instagram,Facebook,LinkedIn",,Frequently,,,,,,,Frequently,,Frequently,,,Rarely,,,,,,,Frequently,,Never,,,Occasionally,,,,,,,Frequently,,Frequently,,,Agree,,,,,,,Strongly agree,,Slightly disagree,,,Disagree,,,,,,,Disagree,,Slightly disagree,,,Occasionally,,,,,,,Frequently,,Rarely,,,Slightly disagree,,,,,,,Disagree,,Slightly agree,
"Instagram,YouTube,Facebook,LinkedIn",,,,,,,,,,,,,,Occasionally,,,,,Occasionally,,Frequently,,Rarely,,,Frequently,,,,,Frequently,,Occasionally,,Occasionally,,,,,,,,,,,,,,,Slightly agree,,,,,Slightly agree,,Agree,,Slightly agree,,,Occasionally,,,,,Occasionally,,Occasionally,,Occasionally,,,Strongly agree,,,,,Slightly agree,,Strongly agree,,Agree,
"Instagram,YouTube,Facebook",,Occasionally,,,,,Rarely,,Occasionally,,,,,Occasionally,,,,,Rarely,,Occasionally,,,,,Occasionally,,,,,Occasionally,,Occasionally,,,,,Disagree,,,,,Strongly disagree,,Disagree,,,,,Strongly disagree,,,,,Strongly disagree,,Slightly agree,,,,,Occasionally,,,,,Very Rarely,,Occasionally,,,,,Disagree,,,,,Disagree,,Disagree,,,
"Instagram,Tik Tok,BeReal,YouTube",,Occasionally,,,Occasionally,Very Frequently,Frequently,,,,,,,Frequently,,,Frequently,Never,Occasionally,,,,,,,Occasionally,,,Occasionally,Rarely,Occasionally,,,,,,,Disagree,,,Slightly disagree,Strongly agree,Strongly disagree,,,,,,,Slightly agree,,,Slightly agree,Strongly disagree,Slightly agree,,,,,,,,,,,,,,,,,,,Slightly disagree,,,Slightly disagree,Strongly agree,Slightly disagree,,,,,
"YouTube,Facebook",,,,,,,Frequently,,Frequently,,,,,,,,,,Never,,Never,,,,,,,,,,Very Rarely,,Occasionally,,,,,,,,,,Strongly disagree,,Agree,,,,,,,,,,,,,,,,,,,,,,Never,,Never,,,,,,,,,,Strongly disagree,,Strongly disagree,,,
Facebook,,,,,,,,,Occasionally,,,,,,,,,,,,Occasionally,,,,,,,,,,,,Frequently,,,,,,,,,,,,Agree,,,,,,,,,,,,Strongly agree,,,,,,,,,,,,Occasionally,,,,,,,,,,,,Agree,,,
"Instagram,Reddit,Tik Tok,YouTube,Facebook",,Frequently,Frequently,,Frequently,,Rarely,,Occasionally,,,,,Occasionally,Occasionally,,Occasionally,,Rarely,,Very Frequently,,,,,Rarely,Frequently,,Very Frequently,,Occasionally,,Occasionally,,,,,,,,,,,,,,,,,Agree,Slightly agree,,Agree,,Strongly agree,,Strongly agree,,,,,Frequently,Frequently,,Frequently,,Frequently,,Very Rarely,,,,,Slightly disagree,Slightly disagree,,Slightly disagree,,Disagree,,Slightly agree,,,
"YouTube,Facebook,LinkedIn",,,,,,,Occasionally,,Frequently,,Frequently,,,,,,,,Occasionally,,Frequently,,Never,,,,,,,,Rarely,,,,Never,,,,,,,,Slightly disagree,,Strongly agree,,Slightly agree,,,,,,,,Slightly agree,,Agree,,Slightly agree,,,,,,,,Occasionally,,Occasionally,,Very Rarely,,,,,,,,Disagree,,Slightly agree,,Disagree,
"Twitter,Facebook,LinkedIn",Frequently,,,,,,,,Frequently,,Occasionally,,Frequently,,,,,,,,Very Frequently,,Rarely,,Occasionally,,,,,,,,Occasionally,,Frequently,,Agree,,,,,,,,Slightly agree,,Slightly agree,,Agree,,,,,,,,Strongly agree,,Slightly agree,,Occasionally,,,,,,,,Frequently,,Occasionally,,Agree,,,,,,,,Agree,,Agree,
"Instagram,Facebook,LinkedIn",,Frequently,,,,,,,,,,,,Occasionally,,,,,,,,,,,,,,,,,,,Frequently,,,,,,,,,,,,Strongly agree,,,,,Slightly disagree,,,,,,,Agree,,,,,Frequently,,,,,,,Very Frequently,,Occasionally,,,,,,,,,,Slightly agree,,,
"Twitter,Instagram,YouTube,Facebook",Frequently,Rarely,,,,,Occasionally,,Frequently,,,,Very Frequently,Frequently,,,,,Occasionally,,Frequently,,,,Frequently,Occasionally,,,,,Frequently,,Occasionally,,,,Slightly agree,Slightly agree,,,,,Agree,,Strongly agree,,,,Strongly agree,Agree,,,,,Agree,,Agree,,,,Occasionally,Rarely,,,,,Frequently,,Frequently,,,,Slightly disagree,Slightly disagree,,,,,Disagree,,Agree,,,
Facebook,,,,,,,,,Frequently,,,,,,,,,,,,Occasionally,,,,,,,,,,,,Occasionally,,,,,,,,,,,,Slightly disagree,,,,,,,,,,,,Strongly agree,,,,,,,,,,,,Frequently,,,,,,,,,,,,Agree,,,
"Twitter,Instagram,Reddit,Tik Tok,YouTube,Facebook",Rarely,Very Frequently,Occasionally,,Frequently,,Very Frequently,,Frequently,,,,Very Frequently,Rarely,Occasionally,,Rarely,,Rarely,,Frequently,,,,Very Frequently,Very Frequently,Frequently,,Rarely,,Occasionally,,Very Frequently,,,,Strongly disagree,Agree,Slightly agree,,Slightly agree,,Slightly disagree,,Slightly agree,,,,Strongly agree,Slightly agree,Slightly disagree,,Agree,,Agree,,Slightly agree,,,,Occasionally,Very Frequently,Frequently,,Occasionally,,Rarely,,Very Frequently,,,,Strongly disagree,Agree,Slightly disagree,,Slightly agree,,Slightly disagree,,Strongly agree,,,
"Twitter,Tik Tok,YouTube,Facebook",Frequently,,,,Frequently,,Rarely,,Frequently,,,,Frequently,,,,Rarely,,Rarely,,Very Frequently,,,,Frequently,,,,Occasionally,,Occasionally,,Frequently,,,,Slightly disagree,,,,Slightly disagree,,Slightly disagree,,Slightly disagree,,,,Agree,,,,Agree,,Slightly agree,,Agree,,,,Occasionally,,,,Rarely,,Very Rarely,,Frequently,,,,Strongly disagree,,,,Strongly disagree,,Strongly disagree,,Agree,,,
Facebook,,,,,,,,,Frequently,,,,,,,,,,,,Frequently,,,,,,,,,,,,Very Frequently,,,,,,,,,,,,Strongly disagree,,,,,,,,,,,,Agree,,,,,,,,,,,,Frequently,,,,,,,,,,,,Disagree,,,
"Twitter,Instagram,Reddit,YouTube,Facebook,LinkedIn",Frequently,Occasionally,Frequently,,,,Rarely,,Frequently,,Very Frequently,,Very Frequently,Very Rarely,Frequently,,,,Occasionally,,Frequently,,Never,,Frequently,Very Rarely,Frequently,,,,Very Rarely,,Rarely,,Very Rarely,,Slightly agree,Strongly agree,Strongly disagree,,,,Disagree,,Strongly agree,,Agree,,Strongly agree,Slightly disagree,Slightly disagree,,,,Slightly agree,,Strongly agree,,Slightly disagree,,Rarely,Occasionally,Frequently,,,,Rarely,,Frequently,,Frequently,,Disagree,Disagree,Disagree,,,,Disagree,,Disagree,,Disagree,
"Instagram,Facebook,LinkedIn",,Very Frequently,,,,,,,Frequently,,Very Frequently,,,Rarely,,,,,,,Frequently,,Rarely,,,Occasionally,,,,,,,Frequently,,Occasionally,,,Agree,,,,,,,Agree,,Agree,,,Agree,,,,,,,Agree,,Agree,,,Occasionally,,,,,,,Very Frequently,,Frequently,,,Agree,,,,,,,Agree,,Agree,
"Twitter,Instagram,Snapchat,Facebook",Frequently,Frequently,,,,,,Frequently,Frequently,,,,Frequently,Occasionally,,,,,,Frequently,Frequently,,,,Frequently,Occasionally,,,,,,Frequently,Occasionally,,,,Agree,Agree,,,,,,Slightly disagree,Slightly agree,,,,Strongly agree,Strongly agree,,,,,,Strongly agree,Strongly agree,,,,Frequently,Frequently,,,,,,Rarely,Occasionally,,,,Agree,Slightly agree,,,,,,Slightly disagree,Slightly agree,,,
"Instagram,YouTube,Facebook,LinkedIn",,Never,,,,,Very Rarely,,Very Frequently,,Very Rarely,,,Occasionally,,,,,Occasionally,,Occasionally,,Rarely,,,,,,,,Very Rarely,,Rarely,,Occasionally,,,,,,,,Strongly disagree,,Disagree,,Slightly agree,,,,,,,,,,Strongly agree,,Slightly agree,,,Rarely,,,,,Never,,Occasionally,,Never,,,Strongly disagree,,,,,Strongly disagree,,Strongly disagree,,Disagree,
"Twitter,Instagram,Facebook",Frequently,Frequently,,,,,,,Frequently,,,,Occasionally,Occasionally,,,,,,,Frequently,,,,Frequently,Frequently,,,,,,,Frequently,,,,Slightly disagree,Slightly disagree,,,,,,,Slightly disagree,,,,Strongly agree,Strongly agree,,,,,,,Strongly agree,,,,Occasionally,Occasionally,,,,,,,Very Frequently,,,,Slightly agree,Slightly agree,,,,,,,Slightly agree,,,
"Instagram,YouTube,Facebook",,Very Frequently,,,,,Very Rarely,,Very Frequently,,,,,Rarely,,,,,Very Rarely,,Frequently,,,,,Occasionally,,,,,Occasionally,,Occasionally,,,,,Strongly agree,,,,,Disagree,,Agree,,,,,Slightly agree,,,,,Agree,,Slightly agree,,,,,Frequently,,,,,Rarely,,Very Frequently,,,,,Disagree,,,,,Strongly disagree,,Slightly agree,,,
"Instagram,Tik Tok,YouTube,Facebook",,Occasionally,,,Frequently,,Frequently,,Very Frequently,,,,,Never,,,Rarely,,Rarely,,Frequently,,,,,Occasionally,,,Occasionally,,Occasionally,,Occasionally,,,,,Agree,,,Disagree,,Disagree,,Slightly agree,,,,,Agree,,,Slightly agree,,Agree,,Strongly agree,,,,,Very Rarely,,,Rarely,,Very Rarely,,Very Frequently,,,,,Strongly disagree,,,Strongly disagree,,Strongly disagree,,Agree,,,
"Instagram,YouTube,Facebook",,Rarely,,,,,Frequently,,Occasionally,,,,,Occasionally,,,,,Occasionally,,Very Frequently,,,,,Frequently,,,,,Occasionally,,Very Frequently,,,,,,,,,,,,,,,,,Slightly agree,,,,,Slightly agree,,Slightly agree,,,,,Rarely,,,,,Rarely,,Occasionally,,,,,Agree,,,,,Agree,,Agree,,,
"Tik Tok,YouTube,Facebook",,,,,Frequently,,Occasionally,,Frequently,,,,,,,,Never,,Very Rarely,,Occasionally,,,,,,,,Rarely,,Rarely,,Frequently,,,,,,,,Slightly agree,,Disagree,,Slightly agree,,,,,,,,Strongly agree,,Strongly agree,,Strongly agree,,,,,,,,Very Rarely,,Rarely,,Very Frequently,,,,,,,,Slightly agree,,Slightly agree,,Strongly agree,,,
Facebook,,,,,,,,,Frequently,,,,,,,,,,,,Frequently,,,,,,,,,,,,Frequently,,,,,,,,,,,,Agree,,,,,,,,,,,,Agree,,,,,,,,,,,,Frequently,,,,,,,,,,,,Disagree,,,
"Twitter,Instagram,Tik Tok,YouTube,Snapchat,Facebook",Frequently,Frequently,,,Rarely,,Rarely,Frequently,Frequently,,,,Occasionally,Very Rarely,,,Very Rarely,,Very Rarely,Very Rarely,Occasionally,,,,Rarely,Very Rarely,,,Very Rarely,,Very Rarely,Very Rarely,Occasionally,,,,Slightly agree,Slightly agree,,,Slightly agree,,Slightly disagree,Disagree,Slightly disagree,,,,Slightly agree,Slightly agree,,,Slightly agree,,Agree,Slightly agree,Agree,,,,Occasionally,Rarely,,,Very Rarely,,Rarely,Rarely,Occasionally,,,,Slightly disagree,Slightly agree,,,Slightly agree,,Disagree,Agree,Agree,,,
"YouTube,Facebook,LinkedIn",,,,,,,Occasionally,,Frequently,,Occasionally,,,,,,,,Occasionally,,Very Frequently,,Rarely,,,,,,,,Occasionally,,Very Frequently,,Rarely,,,,,,,,Agree,,Agree,,Agree,,,,,,,,Slightly agree,,Strongly agree,,Agree,,,,,,,,Occasionally,,Very Frequently,,Occasionally,,,,,,,,Slightly disagree,,Agree,,Slightly disagree,
"Instagram,YouTube,Facebook,LinkedIn",,Very Rarely,,,,,Frequently,,Occasionally,,Very Frequently,,,Very Rarely,,,,,Very Rarely,,Frequently,,Never,,,Occasionally,,,,,Very Frequently,,Frequently,,Frequently,,,Strongly agree,,,,,Disagree,,Strongly agree,,Strongly agree,,,Agree,,,,,Strongly agree,,Strongly agree,,Slightly disagree,,,Very Frequently,,,,,Rarely,,Frequently,,Rarely,,,Disagree,,,,,Slightly disagree,,Disagree,,Slightly agree,
"Instagram,Snapchat,Facebook,LinkedIn",,Frequently,,,,,,Occasionally,Frequently,,Frequently,,,Rarely,,,,,,Rarely,Frequently,,Very Rarely,,,Rarely,,,,,,Rarely,Rarely,,Rarely,,,Slightly disagree,,,,,,Slightly disagree,Disagree,,Agree,,,Strongly agree,,,,,,Agree,Strongly agree,,Slightly agree,,,Rarely,,,,,,Very Rarely,Very Rarely,,Occasionally,,,Disagree,,,,,,Disagree,Slightly agree,,Slightly disagree,
"Instagram,Facebook",,Frequently,,,,,,,Frequently,,,,,Occasionally,,,,,,,Frequently,,,,,Occasionally,,,,,,,Frequently,,,,,Agree,,,,,,,Slightly agree,,,,,Slightly agree,,,,,,,Agree,,,,,Occasionally,,,,,,,Frequently,,,,,Slightly agree,,,,,,,Slightly disagree,,,
"Instagram,Facebook,LinkedIn",,Very Rarely,,,,,,,Frequently,,Rarely,,,Occasionally,,,,,,,Occasionally,,Very Rarely,,,Occasionally,,,,,,,Frequently,,Very Rarely,,,Slightly agree,,,,,,,Agree,,Agree,,,Agree,,,,,,,Agree,,Agree,,,Rarely,,,,,,,Very Frequently,,Frequently,,,Disagree,,,,,,,Slightly agree,,Slightly agree,
"YouTube,Facebook,LinkedIn",,,,,,,Frequently,,Frequently,,Rarely,,,,,,,,Never,,Very Frequently,,Never,,,,,,,,Rarely,,Very Frequently,,Rarely,,,,,,,,Slightly agree,,Slightly disagree,,Disagree,,,,,,,,Agree,,Strongly agree,,Disagree,,,,,,,,Rarely,,Rarely,,Rarely,,,,,,,,Strongly agree,,Strongly agree,,Slightly agree,
"Instagram,Tik Tok,YouTube,Facebook",,Very Frequently,,,Rarely,,Very Rarely,,Frequently,,,,,Occasionally,,,Occasionally,,Rarely,,Frequently,,,,,Very Rarely,,,Very Rarely,,Very Rarely,,Very Rarely,,,,,Slightly agree,,,Slightly disagree,,Strongly disagree,,Slightly agree,,,,,Agree,,,Agree,,Slightly agree,,Strongly agree,,,,,Very Rarely,,,Very Rarely,,Very Rarely,,Very Rarely,,,,,Strongly disagree,,,Strongly disagree,,Strongly disagree,,Strongly disagree,,,
"YouTube,Facebook",,,,,,,Very Rarely,,Occasionally,,,,,,,,,,Rarely,,Occasionally,,,,,,,,,,Rarely,,Rarely,,,,,,,,,,Strongly disagree,,Slightly agree,,,,,,,,,,Slightly agree,,Agree,,,,,,,,,,Never,,Never,,,,,,,,,,Disagree,,Disagree,,,
"Instagram,Snapchat,Facebook",,Frequently,,,,,,Frequently,Occasionally,,,,,Occasionally,,,,,,Rarely,Very Frequently,,,,,Occasionally,,,,,,Very Rarely,Very Frequently,,,,,Agree,,,,,,Agree,Strongly agree,,,,,Slightly agree,,,,,,Disagree,Strongly agree,,,,,Occasionally,,,,,,Rarely,Frequently,,,,,Slightly agree,,,,,,Agree,Agree,,,
"Twitter,Instagram,Tik Tok,YouTube,Facebook,LinkedIn",Frequently,Frequently,,,Frequently,,Occasionally,,Frequently,,Frequently,,Occasionally,Occasionally,,,Occasionally,,Occasionally,,Occasionally,,Very Rarely,,Occasionally,Occasionally,,,Occasionally,,Occasionally,,Occasionally,,Occasionally,,Slightly agree,Slightly agree,,,Slightly disagree,,Slightly disagree,,Strongly agree,,Agree,,Slightly agree,Slightly agree,,,Agree,,Agree,,Agree,,Slightly agree,,Never,Never,,,Never,,Never,,Very Rarely,,Never,,Agree,Agree,,,Agree,,Slightly agree,,Agree,,Agree,
"Twitter,Instagram,Facebook,LinkedIn",Frequently,Frequently,,,,,,,Frequently,,,,Frequently,,,,,,,,Frequently,,Rarely,,Frequently,Rarely,,,,,,,Rarely,,,,Disagree,Disagree,,,,,,,Agree,,Disagree,,,Slightly agree,,,,,,,Slightly agree,,Slightly disagree,,Frequently,Frequently,,,,,,,,,Rarely,,,Agree,,,,,,,Agree,,Agree,
"Reddit,Tik Tok,YouTube,Facebook",,,Frequently,,Frequently,,Frequently,,Frequently,,,,,,Occasionally,,Frequently,,Very Rarely,,Occasionally,,,,,,Very Frequently,,Very Frequently,,Frequently,,Frequently,,,,,,Slightly disagree,,Slightly disagree,,Agree,,Agree,,,,,,,,Agree,,,,,,,,,,Frequently,,Frequently,,Frequently,,Frequently,,,,,,Slightly disagree,,Slightly disagree,,Slightly disagree,,Agree,,,
"Twitter,Instagram,YouTube,Facebook",Frequently,Occasionally,,,,,Occasionally,,Frequently,,,,Occasionally,Rarely,,,,,Very Rarely,,Rarely,,,,Occasionally,Rarely,,,,,Rarely,,Rarely,,,,Slightly agree,Strongly disagree,,,,,Slightly agree,,Slightly agree,,,,Slightly disagree,Strongly agree,,,,,Slightly disagree,,Strongly agree,,,,Very Frequently,Occasionally,,,,,Occasionally,,Rarely,,,,Slightly agree,Disagree,,,,,Strongly disagree,,Slightly agree,,,
"Twitter,Instagram,Reddit,YouTube,Facebook,LinkedIn",Occasionally,Occasionally,Occasionally,,,,Rarely,,Occasionally,,Very Rarely,,Very Frequently,Very Frequently,Frequently,,,,Frequently,,Very Frequently,,Rarely,,Occasionally,Rarely,Occasionally,,,,Rarely,,Rarely,,Rarely,,Strongly disagree,Strongly disagree,Strongly disagree,,,,Strongly disagree,,Strongly disagree,,Strongly disagree,,Strongly agree,Strongly agree,Strongly agree,,,,Strongly agree,,Strongly agree,,Agree,,Rarely,Occasionally,Never,,,,Rarely,,Rarely,,Occasionally,,Disagree,Disagree,Disagree,,,,Disagree,,Disagree,,Disagree,
"Instagram,Tik Tok,Facebook,LinkedIn",,Very Rarely,,,Frequently,,,,Occasionally,,Very Frequently,,,Rarely,,,Frequently,,,,Rarely,,Very Rarely,,,Very Rarely,,,Very Rarely,,,,Occasionally,,Occasionally,,,Slightly agree,,,Slightly agree,,,,Slightly agree,,Slightly agree,,,Slightly agree,,,Slightly agree,,,,Strongly agree,,Slightly agree,,,Rarely,,,Frequently,,,,Frequently,,Occasionally,,,Strongly disagree,,,Strongly agree,,,,Strongly disagree,,Strongly disagree,
"Twitter,Facebook,LinkedIn",Rarely,,,,,,,,Frequently,,Rarely,,Very Frequently,,,,,,,,Very Frequently,,Never,,Occasionally,,,,,,,,Very Frequently,,Never,,Strongly disagree,,,,,,,,Agree,,Strongly agree,,Slightly agree,,,,,,,,Strongly agree,,Slightly disagree,,Occasionally,,,,,,,,Occasionally,,Rarely,,Strongly disagree,,,,,,,,Strongly disagree,,Strongly disagree,
"Instagram,Facebook,LinkedIn",,,,,,,,,Frequently,,,,,,,,,,,,Frequently,,,,,,,,,,,,Occasionally,,,,,,,,,,,,,,Agree,,,Agree,,,,,,,,,,,,Frequently,,,,,,,,,,,,Agree,,,,,,,,,,
"Twitter,Instagram,Reddit,Tik Tok,YouTube,Facebook",Frequently,Frequently,Frequently,,Frequently,,Frequently,,Frequently,,,,Frequently,Frequently,Frequently,,Frequently,,Rarely,,Very Frequently,,,,Never,Very Rarely,Very Rarely,,Rarely,,Very Rarely,,Occasionally,,,,Strongly disagree,Slightly disagree,Disagree,,Strongly disagree,,Disagree,,Agree,,,,Slightly agree,Strongly agree,Disagree,,Slightly agree,,Disagree,,Strongly agree,,,,Occasionally,Occasionally,Frequently,,Occasionally,,Occasionally,,Frequently,,,,Slightly agree,Slightly disagree,Disagree,,Disagree,,Disagree,,Agree,,,
"Facebook,LinkedIn",,,,,,,,,Frequently,,Very Rarely,,,,,,,,,,Frequently,,Rarely,,,,,,,,,,Frequently,,Occasionally,,,,,,,,,,Slightly disagree,,Strongly disagree,,,,,,,,,,Strongly agree,,Slightly agree,,,,,,,,,,Occasionally,,Rarely,,,,,,,,,,Agree,,Disagree,
"Reddit,Facebook",,,Frequently,,,,,,Occasionally,,,,,,Occasionally,,,,,,Frequently,,,,,,Frequently,,,,,,Frequently,,,,,,Disagree,,,,,,Slightly disagree,,,,,,Agree,,,,,,Slightly agree,,,,,,Frequently,,,,,,Frequently,,,,,,Agree,,,,,,Agree,,,
"YouTube,Facebook",,,,,,,Occasionally,,Occasionally,,,,,,,,,,Occasionally,,Very Frequently,,,,,,,,,,Very Frequently,,Very Frequently,,,,,,,,,,Slightly agree,,Slightly agree,,,,,,,,,,Agree,,Agree,,,,,,,,,,Occasionally,,Occasionally,,,,,,,,,,Disagree,,Disagree,,,
"Twitter,Instagram,YouTube,Facebook",Frequently,Frequently,,,,,Frequently,,Frequently,,,,Very Frequently,Occasionally,,,,,Very Frequently,,Very Frequently,,,,Frequently,Occasionally,,,,,Occasionally,,Occasionally,,,,Agree,Agree,,,,,Agree,,Agree,,,,Agree,Agree,,,,,Strongly agree,,Strongly agree,,,,Occasionally,Occasionally,,,,,Occasionally,,Occasionally,,,,,,,,,,,,,,,
"Instagram,Facebook",,Frequently,,,,,,,Occasionally,,,,,Very Frequently,,,,,,,Very Frequently,,,,,Occasionally,,,,,,,Occasionally,,,,,Slightly agree,,,,,,,Slightly agree,,,,,Strongly agree,,,,,,,Strongly agree,,,,,Occasionally,,,,,,,Very Frequently,,,,,Agree,,,,,,,Agree,,,
"YouTube,Facebook",,,,,,,Very Rarely,,Very Frequently,,,,,,,,,,Occasionally,,Frequently,,,,,,,,,,Occasionally,,Very Frequently,,,,,,,,,,Strongly disagree,,Slightly agree,,,,,,,,,,Agree,,Strongly agree,,,,,,,,,,Very Rarely,,Very Frequently,,,,,,,,,,Strongly disagree,,Strongly agree,,,
"Twitter,Instagram,Reddit,Tik Tok,YouTube,Facebook",Rarely,Frequently,Frequently,,Occasionally,,Rarely,,Frequently,,,,Very Frequently,Rarely,Rarely,,Rarely,,Rarely,,Rarely,,,,Very Frequently,Occasionally,Very Frequently,,Rarely,,Rarely,,Frequently,,,,Agree,Agree,Disagree,,Slightly agree,,Slightly agree,,Agree,,,,Slightly agree,Slightly disagree,Slightly disagree,,Slightly disagree,,Disagree,,Slightly agree,,,,Very Rarely,Frequently,Very Frequently,,Rarely,,Frequently,,Very Frequently,,,,Strongly disagree,Slightly disagree,Strongly disagree,,Strongly disagree,,Strongly disagree,,Strongly agree,,,
"Twitter,Instagram,Reddit,Tik Tok,YouTube,Snapchat,Facebook,LinkedIn",Occasionally,Occasionally,Occasionally,,Occasionally,,Occasionally,Frequently,Occasionally,,Frequently,,,,,,,,,Rarely,,,,,Frequently,Occasionally,Frequently,,Frequently,,Occasionally,Occasionally,Frequently,,Occasionally,,Disagree,Agree,Disagree,,Disagree,,Disagree,Agree,Agree,,Slightly agree,,Slightly agree,Slightly disagree,Slightly agree,,Slightly agree,,Agree,Slightly disagree,Agree,,Slightly agree,,,,,,,,,Rarely,,,,,Disagree,Slightly agree,Agree,,Disagree,,Disagree,Disagree,Slightly agree,,Slightly disagree,
"YouTube,Facebook,LinkedIn",,,,,,,Very Rarely,,Rarely,,Occasionally,,,,,,,,Very Rarely,,Very Rarely,,Very Rarely,,,,,,,,Rarely,,Occasionally,,Rarely,,,,,,,,Disagree,,Slightly disagree,,Slightly agree,,,,,,,,Strongly agree,,Agree,,Agree,,,,,,,,Never,,Never,,Never,,,,,,,,Strongly disagree,,Strongly disagree,,Disagree,
"Instagram,Tik Tok,Snapchat,Facebook,LinkedIn",,Occasionally,,,Frequently,,,Occasionally,Occasionally,,Occasionally,,,Occasionally,,,Occasionally,,,Rarely,Occasionally,,Very Rarely,,,Occasionally,,,Frequently,,,Occasionally,Occasionally,,Occasionally,,,Slightly agree,,,Slightly disagree,,,Slightly agree,Slightly agree,,Slightly agree,,,Slightly agree,,,Slightly agree,,,Slightly agree,Slightly agree,,Slightly agree,,,Occasionally,,,Occasionally,,,Rarely,Frequently,,Frequently,,,Slightly disagree,,,Slightly agree,,,Slightly disagree,Disagree,,Disagree,
"Twitter,Instagram,YouTube,Facebook,LinkedIn",Frequently,Occasionally,,,,,Never,,Frequently,,Frequently,,Rarely,Rarely,,,,,Never,,Occasionally,,Occasionally,,Occasionally,Rarely,,,,,Rarely,,Frequently,,Occasionally,,Slightly agree,Agree,,,,,Slightly agree,,Agree,,Agree,,Slightly agree,Agree,,,,,Slightly agree,,Strongly agree,,Disagree,,,Never,,,,,Never,,Never,,Never,,Disagree,Disagree,,,,,Disagree,,Slightly agree,,Strongly agree,
"Twitter,Instagram,YouTube,Facebook,LinkedIn",Occasionally,Occasionally,,,,,Occasionally,,Frequently,,Occasionally,,Frequently,Occasionally,,,,,Occasionally,,Frequently,,Rarely,,Frequently,Rarely,,,,,Occasionally,,Rarely,,Occasionally,,Agree,Agree,,,,,Slightly disagree,,Strongly agree,,Agree,,Slightly disagree,Slightly disagree,,,,,Agree,,Agree,,Slightly agree,,Occasionally,Occasionally,,,,,Occasionally,,Frequently,,Occasionally,,Disagree,Slightly disagree,,,,,Strongly disagree,,Agree,,Slightly agree,
"Instagram,Tik Tok,YouTube,Facebook,LinkedIn",,Occasionally,,,Occasionally,,Occasionally,,Frequently,,Very Frequently,,,Very Frequently,,,Occasionally,,Rarely,,Very Frequently,,Rarely,,,Very Frequently,,,Very Frequently,,Frequently,,Very Frequently,,Occasionally,,,Agree,,,Slightly agree,,Slightly agree,,Slightly agree,,Strongly agree,,,Strongly agree,,,Strongly agree,,Strongly agree,,Strongly agree,,Disagree,,,Occasionally,,,Rarely,,Rarely,,Very Frequently,,Occasionally,,,Disagree,,,Disagree,,Strongly disagree,,Disagree,,Slightly agree,
"Reddit,YouTube,Facebook,LinkedIn",,,Very Frequently,,,,Rarely,,Very Frequently,,Rarely,,,,Frequently,,,,Very Rarely,,Frequently,,Never,,,,Frequently,,,,Occasionally,,Very Frequently,,Rarely,,,,Slightly disagree,,,,Slightly disagree,,Disagree,,Slightly agree,,,,Disagree,,,,Slightly agree,,Strongly agree,,Strongly agree,,,,Occasionally,,,,Occasionally,,Very Frequently,,Occasionally,,,,Strongly disagree,,,,Strongly disagree,,Slightly agree,,Strongly disagree,
,,,,,,,,,,,,,,,,,,,,,,,,,,,,,,,,,,,,,,,,,,,,,,,,,,,,,,,,,,,,,,,,,,,,,,,,,,,,,,,,,,,,
"Twitter,Reddit,YouTube,Snapchat,Twitch",Occasionally,,Frequently,,,,Rarely,Very Rarely,,,,Frequently,Very Frequently,,Occasionally,,,,Occasionally,Never,,,,Very Rarely,Occasionally,,Occasionally,,,,Rarely,Very Rarely,,,,Never,Disagree,,,,,,Strongly disagree,,,,,,Slightly agree,,Slightly disagree,,,,Disagree,Disagree,,,,Strongly disagree,Frequently,,Frequently,,,,Frequently,Rarely,,,,Frequently,Slightly agree,,Disagree,,,,Strongly disagree,Slightly disagree,,,,Slightly disagree
"Twitter,Reddit,YouTube",Very Frequently,,Frequently,,,,Occasionally,,,,,,Occasionally,,Frequently,,,,Rarely,,,,,,Occasionally,,Occasionally,,,,Occasionally,,,,,,Strongly agree,,Disagree,,,,Disagree,,,,,,Slightly agree,,Disagree,,,,Agree,,,,,,Frequently,,Very Frequently,,,,Occasionally,,,,,,Slightly agree,,Disagree,,,,Disagree,,,,,
"Twitter,YouTube,LinkedIn",Frequently,,,,,,Occasionally,,,,Frequently,,Occasionally,,,,,,Frequently,,,,Occasionally,,Rarely,,,,,,Rarely,,,,Very Rarely,,Slightly agree,,,,,,Disagree,,,,Agree,,Agree,,,,,,Agree,,,,Slightly agree,,Frequently,,,,,,Rarely,,,,Occasionally,,Disagree,,,,,,Strongly disagree,,,,Agree,
"Twitter,BeReal,YouTube,Snapchat,Twitch",Frequently,,,,,Very Frequently,Occasionally,Very Frequently,,,,Frequently,Very Frequently,,,,,Never,Very Frequently,Never,,,,Very Frequently,Very Frequently,,,,,Never,Occasionally,Very Frequently,,,,Occasionally,Agree,,,,,Strongly agree,Strongly disagree,Slightly agree,,,,Strongly disagree,Strongly agree,,,,,Strongly disagree,Strongly agree,Strongly agree,,,,Strongly agree,Frequently,,,,,Never,Occasionally,Rarely,,,,Very Frequently,Slightly agree,,,,,Slightly agree,Disagree,Strongly disagree,,,,Strongly agree
"Tik Tok,YouTube,Snapchat,4Chan,LinkedIn,Twitch",,,,,Occasionally,,Occasionally,Frequently,,Occasionally,Very Frequently,Very Frequently,,,,,Frequently,,Frequently,Rarely,,Very Frequently,Rarely,Occasionally,,,,,Frequently,,Occasionally,Frequently,,Very Frequently,Frequently,Very Rarely,,,,,Strongly disagree,,Strongly disagree,Strongly agree,,Strongly disagree,Strongly disagree,Slightly agree,,,,,Disagree,,Slightly agree,Slightly disagree,,Strongly disagree,Strongly agree,Slightly disagree,,,,,Very Frequently,,Occasionally,Very Rarely,,Very Frequently,Rarely,Very Frequently,,,,,Slightly agree,,Slightly disagree,Slightly disagree,,Slightly agree,Disagree,Slightly agree
"Twitter,Reddit,YouTube",Occasionally,,Frequently,,,,Rarely,,,,,,Very Frequently,,Frequently,,,,Occasionally,,,,,,Very Frequently,,Frequently,,,,Occasionally,,,,,,Slightly disagree,,Slightly disagree,,,,Slightly disagree,,,,,,Agree,,Slightly disagree,,,,Strongly agree,,,,,,Frequently,,Very Frequently,,,,Frequently,,,,,,Agree,,Strongly agree,,,,Slightly agree,,,,,
"Instagram,Tik Tok,YouTube,LinkedIn",,Very Frequently,,,Very Frequently,,Very Frequently,,,,Very Frequently,,,Frequently,,,Frequently,,Frequently,,,,Very Rarely,,,Very Frequently,,,Very Frequently,,Very Frequently,,,,Very Frequently,,,Agree,,,Agree,,Strongly disagree,,,,Disagree,,,Slightly agree,,,Slightly agree,,Slightly agree,,,,Strongly disagree,,,Occasionally,,,Occasionally,,Occasionally,,,,Occasionally,,,Strongly agree,,,Slightly agree,,Slightly disagree,,,,Agree,
"Twitter,Reddit,Tumblr,YouTube,Snapchat,Facebook,LinkedIn",Occasionally,,Frequently,Very Frequently,,,Rarely,Occasionally,Occasionally,,Frequently,,Occasionally,,Frequently,Occasionally,,,Frequently,Rarely,Occasionally,,Never,,Occasionally,,Occasionally,Occasionally,,,Rarely,Never,Very Rarely,,Rarely,,Slightly agree,,Strongly disagree,Slightly agree,,,Slightly agree,Agree,Slightly agree,,Slightly disagree,,Strongly agree,,Disagree,Slightly agree,,,Strongly agree,Slightly agree,Agree,,Agree,,Occasionally,,Frequently,Very Frequently,,,Occasionally,Never,Occasionally,,Occasionally,,Slightly agree,,Slightly disagree,Agree,,,Disagree,Disagree,Slightly agree,,Slightly agree,
,,,,,,,,,,,,,,,,,,,,,,,,,,,,,,,,,,,,,,,,,,,,,,,,,,,,,,,,,,,,,,,,,,,,,,,,,,,,,,,,,,,,
"Twitter,Instagram,Reddit,YouTube,Snapchat,LinkedIn",Occasionally,Occasionally,Very Frequently,,,,Frequently,Frequently,,,Frequently,,Very Frequently,Occasionally,Frequently,,,,Occasionally,Occasionally,,,Very Rarely,,Frequently,Occasionally,Frequently,,,,Occasionally,Very Rarely,,,Frequently,,Slightly disagree,Slightly agree,Disagree,,,,Slightly disagree,Agree,,,Slightly agree,,Slightly agree,Agree,Slightly agree,,,,Slightly agree,Agree,,,Agree,,Occasionally,Rarely,Very Frequently,,,,Occasionally,Frequently,,,Occasionally,,Slightly agree,Disagree,Slightly agree,,,,Slightly agree,Strongly disagree,,,Slightly agree,
"Twitter,Instagram,Reddit,Tik Tok,YouTube,Snapchat,Twitch",Occasionally,Occasionally,Occasionally,,Frequently,,Occasionally,Occasionally,,,,Occasionally,Occasionally,Rarely,Occasionally,,Occasionally,,Rarely,Rarely,,,,Rarely,Occasionally,Very Rarely,Occasionally,,Occasionally,,Very Rarely,Very Rarely,,,,Very Rarely,Slightly agree,Agree,Slightly agree,,Slightly agree,,Slightly disagree,Strongly agree,,,,Agree,Slightly agree,Agree,Slightly agree,,Slightly disagree,,Slightly agree,Slightly disagree,,,,Slightly agree,Frequently,Frequently,Frequently,,Frequently,,Frequently,Occasionally,,,,Very Frequently,Slightly agree,Slightly disagree,Slightly agree,,Slightly disagree,,Disagree,Slightly agree,,,,Disagree
"Reddit,YouTube,LinkedIn",,,Frequently,,,,Occasionally,,,,Occasionally,,,,Frequently,,,,Frequently,,,,Rarely,,,,Frequently,,,,Frequently,,,,Occasionally,,,,Slightly disagree,,,,Slightly disagree,,,,Slightly agree,,,,Slightly disagree,,,,Agree,,,,Agree,,,,Occasionally,,,,Frequently,,,,Occasionally,,,,Strongly disagree,,,,Strongly disagree,,,,Slightly agree,
"Instagram,Tumblr,Tik Tok,YouTube,Snapchat",,Occasionally,,Frequently,Very Frequently,,Frequently,Occasionally,,,,,,Rarely,,Very Rarely,Frequently,,Frequently,Never,,,,,,Rarely,,Rarely,Rarely,,Occasionally,Occasionally,,,,,,Agree,,Agree,Slightly disagree,,Slightly agree,Strongly agree,,,,,,Agree,,Disagree,Slightly agree,,Slightly agree,Slightly disagree,,,,,,Occasionally,,Very Frequently,Frequently,,Rarely,Very Rarely,,,,,,Disagree,,Agree,Slightly disagree,,Disagree,Strongly disagree,,,,
"Instagram,Tik Tok,Snapchat,Facebook",,Frequently,,,Frequently,,,Occasionally,Frequently,,,,,Frequently,,,Frequently,,,Never,Frequently,,,,,Occasionally,,,Occasionally,,,Occasionally,Very Frequently,,,,,Agree,,,Disagree,,,Agree,Agree,,,,,Slightly agree,,,Disagree,,,Disagree,Disagree,,,,,Rarely,,,Occasionally,,,Frequently,Rarely,,,,,Agree,,,Agree,,,Agree,Agree,,,
"Twitter,Instagram,Reddit,Tik Tok,Snapchat,Twitch",Frequently,Frequently,Frequently,,Frequently,,,Frequently,,,,Frequently,Very Frequently,Very Frequently,Frequently,,Very Frequently,,,Very Rarely,,,,Rarely,Rarely,Rarely,Occasionally,,Occasionally,,,Very Rarely,,,,Occasionally,Slightly disagree,Agree,Slightly disagree,,Disagree,,,Strongly agree,,,,Disagree,Slightly agree,Agree,Disagree,,Slightly disagree,,,Disagree,,,,Disagree,Very Frequently,Frequently,Very Frequently,,Very Frequently,,,Frequently,,,,Very Frequently,Agree,Slightly agree,Agree,,Agree,,,Disagree,,,,Agree
"Reddit,Facebook,4Chan,Twitch",,,Occasionally,,,,,,Occasionally,Occasionally,,Occasionally,,,Frequently,,,,,,Rarely,Very Frequently,,Very Frequently,,,Very Frequently,,,,,,Very Frequently,Very Frequently,,Very Frequently,,,Strongly disagree,,,,,,Strongly agree,Strongly disagree,,Strongly disagree,,,Slightly agree,,,,,,Agree,Strongly disagree,,Strongly agree,,,Frequently,,,,,,Never,Never,,Very Frequently,,,Strongly disagree,,,,,,Slightly agree,Strongly disagree,,Slightly disagree
"Instagram,Reddit,YouTube,Snapchat,Twitch",,,Frequently,,,,Frequently,,,,,Frequently,,Occasionally,Frequently,,,,Occasionally,Very Rarely,,,,Occasionally,,Very Rarely,Occasionally,,,,Rarely,Very Rarely,,,,Very Rarely,,Agree,Disagree,,,,Disagree,Slightly agree,,,,Disagree,,Agree,Strongly disagree,,,,Disagree,Slightly disagree,,,,Slightly disagree,,Never,Occasionally,,,,Occasionally,Never,,,,Frequently,,,,,,,,,,,,
"Twitter,Instagram,Reddit,Tik Tok,BeReal,YouTube,Snapchat,Twitch",Occasionally,Occasionally,Occasionally,,Occasionally,Very Rarely,Occasionally,Frequently,,,,Occasionally,Occasionally,Rarely,Occasionally,,Occasionally,Frequently,Occasionally,Rarely,,,,Occasionally,Frequently,Very Rarely,Frequently,,Frequently,Never,Occasionally,Never,,,,Never,Strongly agree,Agree,Strongly disagree,,Agree,Strongly agree,Strongly disagree,Strongly agree,,,,Strongly disagree,Slightly agree,Strongly agree,Slightly agree,,Slightly agree,Disagree,Strongly agree,Disagree,,,,Strongly agree,Occasionally,Occasionally,Occasionally,,Rarely,Frequently,Rarely,Never,,,,Frequently,Slightly agree,Slightly agree,Strongly disagree,,Disagree,Disagree,Strongly disagree,Slightly agree,,,,Disagree
"Twitter,Instagram,Reddit,Tik Tok,YouTube,Twitch",Frequently,Occasionally,Frequently,,Rarely,,Occasionally,,,,,Very Frequently,Frequently,Rarely,Occasionally,,Frequently,,Occasionally,,,,,Rarely,Occasionally,Never,Occasionally,,Rarely,,Rarely,,,,,Occasionally,Agree,Strongly agree,Slightly agree,,Slightly agree,,Slightly agree,,,,,Disagree,Slightly agree,Slightly agree,Disagree,,Slightly agree,,Agree,,,,,Strongly agree,Frequently,Very Rarely,Rarely,,Occasionally,,Occasionally,,,,,Very Frequently,Slightly agree,Disagree,Slightly agree,,Strongly disagree,,Disagree,,,,,Strongly agree
"Instagram,Reddit,Tik Tok,YouTube",,Occasionally,Very Frequently,,Frequently,,Frequently,,,,,,,Very Frequently,Occasionally,,Very Frequently,,Occasionally,,,,,,,Very Frequently,Rarely,,Frequently,,Occasionally,,,,,,,Strongly agree,Slightly agree,,Strongly agree,,Strongly agree,,,,,,,Slightly agree,Disagree,,Slightly agree,,Agree,,,,,,,Very Frequently,Frequently,,Frequently,,Occasionally,,,,,,,Strongly agree,Strongly agree,,Strongly agree,,Agree,,,,,
"Instagram,YouTube,Facebook",,Very Frequently,,,,,Very Frequently,,Very Frequently,,,,,Occasionally,,,,,Occasionally,,Occasionally,,,,,Very Frequently,,,,,Occasionally,,Very Frequently,,,,,Disagree,,,,,Disagree,,Disagree,,,,,Strongly agree,,,,,Strongly agree,,Strongly agree,,,,,Occasionally,,,,,Occasionally,,Occasionally,,,,,Disagree,,,,,Disagree,,Disagree,,,
"Twitter,Instagram,Tik Tok,YouTube,Snapchat,Facebook,LinkedIn",Frequently,Frequently,,,Frequently,,Frequently,Very Frequently,Occasionally,,Frequently,,Occasionally,Very Rarely,,,Rarely,,Occasionally,Very Rarely,Frequently,,Very Rarely,,Occasionally,Rarely,,,Rarely,,Occasionally,Rarely,Occasionally,,Occasionally,,Agree,Agree,,,Slightly disagree,,Disagree,Agree,Agree,,Agree,,Slightly disagree,Slightly disagree,,,Slightly disagree,,Slightly agree,Disagree,Slightly agree,,Disagree,,Frequently,Occasionally,,,Occasionally,,Occasionally,Frequently,Frequently,,Occasionally,,Slightly disagree,Disagree,,,Disagree,,Disagree,Disagree,Slightly agree,,Slightly disagree,
"Twitter,Instagram,Reddit,YouTube,Facebook,4Chan,LinkedIn,Twitch",Occasionally,Rarely,Frequently,,,,Frequently,,Occasionally,Occasionally,Occasionally,Frequently,Very Frequently,Occasionally,Frequently,,,,Occasionally,,Occasionally,Very Frequently,Never,Frequently,Occasionally,Occasionally,Frequently,,,,Frequently,,Occasionally,Very Frequently,Occasionally,Rarely,Strongly agree,Strongly agree,Disagree,,,,Disagree,,Strongly agree,Strongly disagree,Agree,Disagree,Slightly agree,Strongly agree,Slightly disagree,,,,Agree,,Agree,Strongly disagree,Strongly agree,Slightly agree,Occasionally,Very Rarely,Frequently,,,,Frequently,,Very Rarely,Very Frequently,Very Rarely,Frequently,Slightly agree,Disagree,Agree,,,,Slightly disagree,,Agree,Slightly agree,Slightly agree,Strongly disagree
"Instagram,Reddit,Tik Tok,Snapchat,LinkedIn",,Frequently,Very Frequently,,Occasionally,,,Occasionally,,,Very Frequently,,,Very Rarely,Very Rarely,,Very Frequently,,,Frequently,,,Never,,,Very Frequently,Very Frequently,,Very Frequently,,,Very Frequently,,,Very Frequently,,,Slightly disagree,Slightly disagree,,Slightly disagree,,,Slightly disagree,,,Disagree,,,Agree,Agree,,Agree,,,Agree,,,Slightly agree,,,Occasionally,Occasionally,,Occasionally,,,Rarely,,,Occasionally,,,Disagree,Disagree,,Disagree,,,Agree,,,Slightly agree,
"Instagram,Reddit,Facebook,LinkedIn",,Rarely,Frequently,,,,,,Frequently,,Occasionally,,,Rarely,Occasionally,,,,,,Frequently,,Very Rarely,,,Rarely,Occasionally,,,,,,Rarely,,Occasionally,,,Disagree,Disagree,,,,,,Disagree,,Disagree,,,Slightly agree,Slightly disagree,,,,,,Agree,,Slightly disagree,,,Occasionally,Rarely,,,,,,Occasionally,,Rarely,,,Slightly disagree,Slightly disagree,,,,,,Slightly disagree,,Slightly disagree,
"Twitter,Instagram,Reddit,Tik Tok,YouTube,Snapchat,Facebook,LinkedIn",Occasionally,Very Rarely,Very Frequently,,Frequently,,Occasionally,Never,Occasionally,,Rarely,,Very Frequently,Frequently,Frequently,,Frequently,,Occasionally,Very Frequently,Very Frequently,,Very Rarely,,Occasionally,Occasionally,Very Frequently,,Occasionally,,Occasionally,Never,,,Frequently,,Agree,Slightly agree,Strongly disagree,,Disagree,,Slightly agree,Strongly agree,Slightly agree,,Slightly agree,,Slightly disagree,Strongly agree,Slightly agree,,Disagree,,Slightly agree,Slightly disagree,Strongly agree,,Strongly agree,,Frequently,Rarely,Very Frequently,,Occasionally,,Very Rarely,Never,Occasionally,,Occasionally,,Slightly disagree,Agree,Strongly disagree,,Slightly agree,,Disagree,Slightly disagree,Agree,,Disagree,
"Instagram,Reddit,YouTube,Facebook,LinkedIn",,Very Frequently,Frequently,,,,Very Frequently,,Occasionally,,Frequently,,,Occasionally,Frequently,,,,Occasionally,,Very Frequently,,Rarely,,,Frequently,Frequently,,,,Frequently,,Frequently,,Frequently,,,Slightly disagree,Disagree,,,,Slightly agree,,Slightly agree,,Strongly agree,,,Slightly agree,Disagree,,,,Slightly disagree,,Agree,,Slightly disagree,,,Very Frequently,Very Frequently,,,,Very Frequently,,Very Frequently,,Frequently,,,Disagree,Strongly disagree,,,,Strongly disagree,,Disagree,,Slightly agree,
"Twitter,Reddit,Tik Tok,YouTube,Snapchat,Facebook,Twitch",Occasionally,,Very Frequently,,Frequently,,Frequently,Very Frequently,Occasionally,,,Occasionally,Very Frequently,,Very Frequently,,Very Rarely,,Frequently,Never,Occasionally,,,Occasionally,Frequently,,Occasionally,,Occasionally,,Frequently,Rarely,Occasionally,,,Occasionally,Agree,,Slightly disagree,,Slightly disagree,,Disagree,Strongly agree,Strongly agree,,,Disagree,Strongly agree,,Agree,,Slightly disagree,,Slightly disagree,Strongly agree,Agree,,,Slightly agree,Very Frequently,,Very Frequently,,Very Frequently,,Occasionally,Occasionally,Frequently,,,Very Frequently,Slightly agree,,Slightly disagree,,Disagree,,Strongly disagree,Slightly agree,Slightly agree,,,Disagree
"Reddit,4Chan",,,Frequently,,,,,,,Occasionally,,,,,Occasionally,,,,,,,Very Frequently,,,,,Occasionally,,,,,,,Very Frequently,,,,,Strongly disagree,,,,,,,Strongly disagree,,,,,Agree,,,,,,,Strongly disagree,,,,,,,,,,,,Never,,,,,Slightly disagree,,,,,,,Strongly disagree,,
"YouTube,Snapchat",,,,,,,Frequently,Frequently,,,,,,,,,,,Occasionally,Never,,,,,,,,,,,Occasionally,Very Rarely,,,,,,,,,,,Strongly disagree,Strongly agree,,,,,,,,,,,Disagree,Strongly disagree,,,,,,,,,,,Frequently,Very Frequently,,,,,,,,,,,Disagree,Disagree,,,,
"Twitter,Instagram,Reddit,YouTube,Facebook,LinkedIn",Very Rarely,Very Rarely,Frequently,,,,Very Rarely,,Very Rarely,,Very Frequently,,Very Frequently,Very Frequently,Occasionally,,,,Frequently,,Frequently,,Never,,Frequently,Occasionally,Occasionally,,,,Frequently,,Frequently,,Rarely,,Strongly disagree,Slightly agree,Slightly agree,,,,Disagree,,Slightly agree,,Strongly agree,,Disagree,Agree,Agree,,,,Strongly agree,,Strongly agree,,Disagree,,Frequently,Rarely,Rarely,,,,Rarely,,Frequently,,Never,,Strongly disagree,Disagree,Disagree,,,,Disagree,,Disagree,,Agree,
"Instagram,Reddit,Tik Tok,YouTube,LinkedIn",,Frequently,Very Frequently,,Frequently,,Very Frequently,,,,Very Frequently,,,Rarely,Very Frequently,,Very Frequently,,Very Frequently,,,,Never,,,Rarely,Frequently,,Occasionally,,Occasionally,,,,Rarely,,,Slightly agree,Disagree,,Slightly disagree,,Slightly disagree,,,,Slightly disagree,,,Slightly agree,Slightly disagree,,Slightly agree,,Slightly disagree,,,,Slightly agree,,,Frequently,Very Frequently,,Occasionally,,Very Rarely,,,,Frequently,,,Slightly agree,Slightly agree,,Disagree,,Strongly disagree,,,,Slightly agree,
"YouTube,Snapchat,Twitch",,,,,,,Occasionally,Frequently,,,,Frequently,,,,,,,Frequently,Rarely,,,,Occasionally,,,,,,,Occasionally,Frequently,,,,Rarely,,,,,,,Strongly disagree,Strongly agree,,,,Disagree,,,,,,,Slightly disagree,Strongly agree,,,,Strongly agree,,,,,,,Frequently,Very Rarely,,,,Very Frequently,,,,,,,Strongly disagree,Slightly disagree,,,,Slightly disagree
"Twitter,Instagram,Reddit,YouTube,Snapchat,Facebook,LinkedIn,Twitch",Frequently,Rarely,Frequently,,,,Frequently,Occasionally,Frequently,,Rarely,Very Frequently,Very Frequently,Occasionally,Frequently,,,,Frequently,Rarely,Very Frequently,,Frequently,Very Rarely,Frequently,Frequently,Frequently,,,,Rarely,Occasionally,Very Frequently,,Very Frequently,Very Rarely,Agree,Disagree,Slightly agree,,,,Strongly agree,Slightly agree,Disagree,,Agree,Strongly agree,Disagree,Agree,Strongly disagree,,,,Slightly disagree,Strongly agree,Agree,,Disagree,Disagree,Frequently,Very Rarely,Frequently,,,,Rarely,Very Rarely,Rarely,,Very Frequently,Very Frequently,Agree,Disagree,Slightly agree,,,,Strongly disagree,Disagree,Slightly agree,,Agree,Strongly disagree
"Instagram,Reddit,Tik Tok,YouTube,Snapchat,Facebook,LinkedIn",,,,,,,,,,,,,,,,,,,,,,,,,,,,,,,,,,,,,,Agree,Disagree,,Agree,,Agree,Agree,Agree,,Agree,,,Slightly disagree,Slightly disagree,,Slightly disagree,,Slightly disagree,Slightly disagree,Slightly disagree,,Slightly disagree,,,Very Rarely,Very Frequently,,Occasionally,,Frequently,Very Frequently,Very Frequently,,Very Frequently,,,,,,,,,,,,,
"Instagram,Reddit,Tik Tok,BeReal,YouTube,Snapchat,Facebook,LinkedIn",,Very Frequently,Very Frequently,,Very Frequently,Very Frequently,Very Frequently,Very Frequently,Very Frequently,,Very Frequently,,,Occasionally,Frequently,,Frequently,Never,Rarely,Occasionally,Occasionally,,Never,,,Frequently,Frequently,,Frequently,Frequently,Frequently,Frequently,Frequently,,Frequently,,,Slightly agree,Slightly agree,,Slightly agree,Slightly agree,Slightly agree,Slightly agree,Slightly agree,,Slightly agree,,,Agree,Disagree,,Agree,Strongly disagree,Slightly agree,Strongly agree,Agree,,Agree,,,Frequently,Very Frequently,,Very Frequently,Frequently,Rarely,Occasionally,Very Frequently,,Rarely,,,Slightly agree,Slightly disagree,,Slightly agree,Slightly agree,Slightly agree,Slightly agree,Slightly agree,,Slightly agree,
"Twitter,Reddit,YouTube",Occasionally,,Very Frequently,,,,Occasionally,,,,,,Frequently,,Frequently,,,,Occasionally,,,,,,Rarely,,Frequently,,,,Occasionally,,,,,,Agree,,Slightly agree,,,,Slightly disagree,,,,,,Agree,,Slightly disagree,,,,Strongly agree,,,,,,Occasionally,,Very Frequently,,,,Frequently,,,,,,Agree,,Slightly agree,,,,Disagree,,,,,
,,,,,,,,,,,,,,,,,,,,,,,,,,,,,,,,,,,,,,,,,,,,,,,,,,,,,,,,,,,,,,,,,,,,,,,,,,,,,,,,,,,,
"Instagram,Reddit,Facebook,LinkedIn",,Very Frequently,Very Frequently,,,,,,Frequently,,Very Frequently,,,Never,Never,,,,,,Frequently,,Never,,,Rarely,Occasionally,,,,,,Occasionally,,Occasionally,,,Agree,Slightly disagree,,,,,,Slightly disagree,,Agree,,,Slightly disagree,Agree,,,,,,Strongly agree,,Slightly disagree,,,Rarely,Very Frequently,,,,,,Frequently,,Frequently,,,Disagree,Slightly agree,,,,,,Strongly agree,,Agree,
"Instagram,Tumblr,YouTube,Snapchat",,Occasionally,,Very Frequently,,,Occasionally,Frequently,,,,,,Occasionally,,Occasionally,,,Occasionally,Very Rarely,,,,,,Very Rarely,,Very Rarely,,,Occasionally,Rarely,,,,,,Agree,,Strongly agree,,,Disagree,Strongly agree,,,,,,Strongly agree,,Strongly disagree,,,Strongly agree,Disagree,,,,,,Occasionally,,Very Frequently,,,Rarely,Very Rarely,,,,,,Strongly disagree,,Strongly agree,,,Strongly disagree,Strongly disagree,,,,
"Reddit,Tumblr,YouTube",,,Occasionally,Very Frequently,,,Occasionally,,,,,,,,Very Frequently,Occasionally,,,Frequently,,,,,,,,Frequently,Occasionally,,,Frequently,,,,,,,,Strongly disagree,Strongly agree,,,Disagree,,,,,,,,Slightly agree,Slightly agree,,,Strongly agree,,,,,,,,Frequently,Very Frequently,,,Rarely,,,,,,,,Disagree,Slightly agree,,,Strongly disagree,,,,,
"Twitter,Instagram,Reddit,BeReal,YouTube,Snapchat,Facebook,LinkedIn",,,,,,,,,,,,,,,,,,,,,,,,,,,,,,,,,,,,,,,,,,,,,,,,,Strongly agree,Strongly agree,Strongly agree,,,Strongly disagree,Agree,Disagree,Strongly agree,,Slightly disagree,,,,,,,,,,,,,,,,,,,,,,,,,
"Reddit,YouTube",,,Frequently,,,,Frequently,,,,,,,,Very Frequently,,,,Frequently,,,,,,,,Very Frequently,,,,Occasionally,,,,,,,,Slightly agree,,,,Slightly agree,,,,,,,,Slightly disagree,,,,Agree,,,,,,,,Occasionally,,,,Rarely,,,,,,,,Disagree,,,,Disagree,,,,,
"Twitter,Instagram,Reddit,Tumblr,YouTube,Snapchat,LinkedIn,Twitch",Frequently,Rarely,Occasionally,Occasionally,,,Frequently,Frequently,,,Occasionally,Frequently,Very Frequently,Rarely,Frequently,Occasionally,,,Frequently,Occasionally,,,Rarely,Frequently,Very Frequently,Rarely,Frequently,Rarely,,,Occasionally,,,,Frequently,Occasionally,Agree,Strongly agree,Strongly disagree,,,,Slightly disagree,Strongly agree,,,,Disagree,,Slightly agree,Slightly disagree,,,,Slightly agree,Slightly agree,,,,Slightly agree,Frequently,Rarely,Occasionally,Frequently,,,Occasionally,Rarely,,,Rarely,Very Frequently,Strongly agree,Slightly agree,Strongly disagree,Slightly agree,,,Disagree,Strongly agree,,,Slightly agree,Disagree
"Twitter,Instagram,Reddit,YouTube,Snapchat",Occasionally,Rarely,Very Frequently,,,,Occasionally,Never,,,,,Frequently,Very Rarely,Frequently,,,,Never,Never,,,,,Occasionally,Never,Rarely,,,,Very Rarely,Never,,,,,Agree,Agree,Slightly disagree,,,,Disagree,Slightly agree,,,,,Disagree,Disagree,Strongly disagree,,,,Slightly disagree,Agree,,,,,Very Frequently,Never,Never,,,,Very Frequently,Never,,,,,Slightly disagree,Disagree,Slightly disagree,,,,Strongly disagree,Strongly disagree,,,,
"Reddit,YouTube",,,Frequently,,,,Very Rarely,,,,,,,,Frequently,,,,Occasionally,,,,,,,,Frequently,,,,Occasionally,,,,,,,,Strongly disagree,,,,Strongly disagree,,,,,,,,Disagree,,,,Disagree,,,,,,,,Frequently,,,,Occasionally,,,,,,,,Strongly disagree,,,,Strongly disagree,,,,,
"Instagram,Reddit,Tumblr,Tik Tok,YouTube,Snapchat",,Occasionally,Occasionally,Very Frequently,Occasionally,,Occasionally,Frequently,,,,,,Frequently,Very Frequently,Occasionally,Frequently,,Frequently,Occasionally,,,,,,Frequently,Very Frequently,Occasionally,Frequently,,Occasionally,Very Rarely,,,,,,Disagree,,Slightly agree,Disagree,,Disagree,Strongly agree,,,,,,Strongly agree,Strongly agree,Slightly agree,Strongly agree,,Strongly agree,Strongly agree,,,,,,Occasionally,Very Frequently,Very Frequently,Occasionally,,Occasionally,Very Frequently,,,,,,Strongly disagree,Strongly disagree,Slightly agree,Slightly disagree,,Strongly disagree,Disagree,,,,
"Twitter,Instagram,Reddit,YouTube,Snapchat,4Chan,LinkedIn",Rarely,Frequently,Occasionally,,,,Frequently,Occasionally,,Rarely,Very Frequently,,Very Frequently,Occasionally,Very Frequently,,,,Frequently,Occasionally,,Very Frequently,Never,,Very Frequently,Occasionally,Very Frequently,,,,Occasionally,Frequently,,Very Frequently,Never,,Slightly agree,Slightly disagree,Strongly disagree,,,,Agree,Strongly agree,,Strongly disagree,Strongly agree,,Strongly disagree,Strongly agree,Strongly disagree,,,,Slightly agree,Disagree,,Strongly disagree,Slightly agree,,Very Frequently,Occasionally,Very Frequently,,,,Very Frequently,Never,,Very Frequently,Rarely,,Slightly disagree,Strongly agree,Strongly agree,,,,Agree,Strongly agree,,Strongly disagree,Strongly agree,
"Instagram,Reddit,Tik Tok,YouTube,Snapchat,Twitch",,Rarely,Frequently,,Occasionally,,Very Frequently,Very Rarely,,,,Very Frequently,,Frequently,Occasionally,,Very Frequently,,Occasionally,Rarely,,,,Rarely,,Occasionally,Very Frequently,,Occasionally,,Frequently,Very Rarely,,,,Occasionally,,Strongly agree,Strongly disagree,,Strongly agree,,Disagree,Strongly agree,,,,Disagree,,Strongly agree,Disagree,,Slightly agree,,Slightly disagree,Agree,,,,Disagree,,Occasionally,Frequently,,Occasionally,,Rarely,Very Rarely,,,,Very Frequently,,Slightly agree,Slightly agree,,Disagree,,Disagree,Disagree,,,,Agree
"Reddit,Tumblr,Tik Tok,YouTube,Snapchat",,,Occasionally,Very Frequently,Occasionally,,Occasionally,Rarely,,,,,,,Very Frequently,Occasionally,Very Frequently,,Rarely,Very Frequently,,,,,,,Occasionally,Very Frequently,Never,,Frequently,Never,,,,,,,Strongly disagree,Agree,Disagree,,Strongly disagree,Agree,,,,,,,Slightly agree,Strongly disagree,Strongly agree,,Slightly agree,Strongly agree,,,,,,,Rarely,Very Frequently,Rarely,,Occasionally,Never,,,,,,,Disagree,Slightly agree,Disagree,,Disagree,Disagree,,,,
,,,,,,,,,,,,,,,,,,,,,,,,,,,,,,,,,,,,,,,,,,,,,,,,,,,,,,,,,,,,,,,,,,,,,,,,,,,,,,,,,,,,
"Instagram,Reddit,YouTube,Snapchat",,Frequently,Frequently,,,,Occasionally,Very Frequently,,,,,,Frequently,Occasionally,,,,Occasionally,Rarely,,,,,,Frequently,Very Frequently,,,,Occasionally,Very Rarely,,,,,,Agree,Disagree,,,,Strongly disagree,Slightly agree,,,,,,Slightly agree,Disagree,,,,Agree,Slightly disagree,,,,,,Frequently,Very Frequently,,,,Occasionally,Frequently,,,,,,Slightly agree,Slightly disagree,,,,Slightly disagree,Agree,,,,
"Twitter,Instagram,Tik Tok,Snapchat",,,,,,,,Very Frequently,,,,,,,,,,,,Never,,,,,,,,,Very Frequently,,,,,,,,Strongly agree,,,,,,,,,,,,Strongly agree,,,,,,,,,,,,Very Frequently,,,,,,,,,,,,,,,,,,,Strongly agree,,,,
"Twitter,Instagram,Tik Tok,YouTube,Snapchat,Facebook",Frequently,Occasionally,,,Frequently,,Frequently,Frequently,Rarely,,,,Very Frequently,Very Frequently,,,Very Frequently,,Very Frequently,Very Frequently,Very Frequently,,,,Occasionally,Occasionally,,,Rarely,,Rarely,Occasionally,Very Frequently,,,,Slightly agree,Agree,,,Strongly agree,,Strongly disagree,Agree,Agree,,,,Disagree,Strongly agree,,,Strongly disagree,,Slightly disagree,Slightly agree,Slightly disagree,,,,Very Frequently,Occasionally,,,Very Frequently,,Frequently,Rarely,Never,,,,Strongly disagree,Slightly agree,,,Disagree,,Strongly disagree,Agree,Strongly disagree,,,
"Instagram,Tik Tok,YouTube,Facebook",,Frequently,,,Very Rarely,,Frequently,,Very Frequently,,,,,Frequently,,,Occasionally,,Rarely,,Occasionally,,,,,Occasionally,,,Never,,Never,,Occasionally,,,,,Slightly agree,,,Slightly disagree,,Disagree,,Strongly agree,,,,,Strongly agree,,,Slightly agree,,Slightly disagree,,Slightly agree,,,,,Occasionally,,,Never,,Rarely,,Frequently,,,,,Slightly disagree,,,Disagree,,Disagree,,Strongly agree,,,
"YouTube,Facebook",,,,,,,Occasionally,,Rarely,,,,,,,,,,Rarely,,Frequently,,,,,,,,,,Rarely,,Rarely,,,,,,,,,,Disagree,,Agree,,,,,,,,,,Slightly disagree,,Agree,,,,,,,,,,Rarely,,Frequently,,,,,,,,,,Slightly disagree,,Slightly disagree,,,
"Instagram,Reddit,Tik Tok,YouTube,Facebook,4Chan,LinkedIn,Twitch",,Frequently,Occasionally,,Frequently,,Frequently,,Frequently,Very Rarely,Occasionally,Occasionally,,Frequently,Very Frequently,,Very Frequently,,Frequently,,Very Frequently,Very Frequently,Very Rarely,Occasionally,,Frequently,Frequently,,Frequently,,Rarely,,Occasionally,Very Frequently,Never,Rarely,,Agree,Slightly agree,,Agree,,Slightly agree,,Agree,Strongly disagree,Slightly disagree,Slightly disagree,,Strongly agree,Agree,,Strongly agree,,Agree,,Strongly agree,Disagree,Agree,Agree,,Occasionally,Very Rarely,,Frequently,,Occasionally,,Very Rarely,Very Rarely,Very Rarely,Very Frequently,,Agree,Slightly agree,,Agree,,Slightly agree,,Slightly agree,Strongly disagree,Slightly agree,Slightly agree
,,,,,,,,,,,,,,,,,,,,,,,,,,,,,,,,,,,,,,,,,,,,,,,,,,,,,,,,,,,,,,,,,,,,,,,,,,,,,,,,,,,,
"Twitter,Instagram,Reddit,Tik Tok,YouTube,Snapchat,Facebook,LinkedIn",Occasionally,Very Frequently,Occasionally,,Very Frequently,,Frequently,Very Frequently,Frequently,,Occasionally,,Very Frequently,Rarely,Occasionally,,Occasionally,,Occasionally,Rarely,Occasionally,,Very Rarely,,,Rarely,Rarely,,Rarely,,Rarely,,,,Rarely,,Slightly agree,Agree,Agree,,Slightly agree,,Slightly agree,Strongly agree,Agree,,Agree,,Slightly disagree,Slightly disagree,Slightly disagree,,Disagree,,Disagree,Disagree,Slightly agree,,Slightly agree,,Rarely,Rarely,,,Rarely,,Rarely,Rarely,Rarely,,,,Disagree,Strongly agree,Slightly disagree,,Agree,,Disagree,Slightly agree,Agree,,Slightly agree,
"Instagram,YouTube,Facebook",,Occasionally,,,,,Rarely,,Occasionally,,,,,Occasionally,,,,,Frequently,,Occasionally,,,,,Occasionally,,,,,Occasionally,,Occasionally,,,,,Agree,,,,,Slightly agree,,Agree,,,,,Strongly agree,,,,,Agree,,Strongly agree,,,,,Very Rarely,,,,,Very Rarely,,Very Rarely,,,,,Disagree,,,,,Disagree,,Disagree,,,
,,,,,,,,,,,,,,,,,,,,,,,,,,,,,,,,,,,,,,,,,,,,,,,,,,,,,,,,,,,,,,,,,,,,,,,,,,,,,,,,,,,,
"Twitter,Instagram,Reddit,Tumblr,Tik Tok,YouTube,Snapchat,Facebook,LinkedIn",,,,,,,,,,,,,Occasionally,Frequently,Rarely,Never,Occasionally,,Rarely,Rarely,Frequently,,Rarely,,,,,,,,,,,,,,Slightly disagree,Slightly agree,Strongly disagree,Slightly agree,Slightly disagree,,Disagree,Slightly disagree,Slightly agree,,Slightly agree,,,,,,,,,,,,,,,,,,,,,,,,,,,,,,,,,,,,,
"Tik Tok,YouTube,Facebook",,,,,,,,,,,,,,,,,,,,,,,,,,,,,,,,,,,,,,,,,,,,,,,,,,,,,,,,,,,,,,,,,,,,,,,,,,,,,,,,,,,,
"Twitter,Instagram,Reddit,Tik Tok,YouTube,Snapchat,Facebook,LinkedIn",,,,,,,,,,,,,,,,,,,,,,,,,,,,,,,,,,,,,,,,,,,,,,,,,,,,,,,,,,,,,,,,,,,,,,,,,,,,,,,,,,,,
,,,,,,,,,,,,,,,,,,,,,,,,,,,,,,,,,,,,,,,,,,,,,,,,,,,,,,,,,,,,,,,,,,,,,,,,,,,,,,,,,,,,
"Twitter,Instagram,YouTube,Snapchat,4Chan",Occasionally,Occasionally,,,,,Occasionally,Occasionally,,Frequently,,,Very Frequently,Occasionally,,,,,Occasionally,Occasionally,,Very Frequently,,,Frequently,Occasionally,,,,,Frequently,Occasionally,,Frequently,,,Disagree,Agree,,,,,Disagree,Agree,,Strongly disagree,,,Slightly agree,Slightly agree,,,,,Slightly agree,Slightly agree,,Slightly agree,,,Occasionally,Occasionally,,,,,Occasionally,Occasionally,,Occasionally,,,Strongly disagree,Disagree,,,,,Strongly disagree,Disagree,,Strongly disagree,,
"Instagram,Snapchat,Facebook",,Frequently,,,,,,Frequently,Frequently,,,,,Frequently,,,,,,Rarely,Occasionally,,,,,Frequently,,,,,,Rarely,Frequently,,,,,Agree,,,,,,Strongly agree,Slightly agree,,,,,Agree,,,,,,Slightly agree,Agree,,,,,,,,,,,,,,,,,,,,,,,,,,,
"Instagram,Reddit,YouTube,Facebook,LinkedIn",,,,,,,,,,,,,,,,,,,,,,,,,,Rarely,,,,,,,,,,,,,,,,,,,,,,,,,,,,,,,,,,,,,,,,,,,,,,,,,,,,,,,,,,
"Instagram,Facebook,LinkedIn",,,,,,,,,,,,,,,,,,,,,,,,,,,,,,,,,,,,,,,,,,,,,,,,,,Agree,,,,,,,Strongly agree,,Slightly agree,,,,,,,,,,,,,,,,,,,,,,,,,
"YouTube,Facebook",,,,,,,Never,,Very Frequently,,,,,,,,,,,,,,,,,,,,,,,,,,,,,,,,,,Slightly disagree,,Agree,,,,,,,,,,,,,,,,,,,,,,Never,,Never,,,,,,,,,,Agree,,Strongly agree,,,
"Instagram,YouTube,Facebook,LinkedIn",,,,,,,,,,,,,,Rarely,,,,,Occasionally,,Occasionally,,Very Rarely,,,Occasionally,,,,,Frequently,,Occasionally,,Occasionally,,,Slightly agree,,,,,Slightly agree,,Slightly agree,,,,,Agree,,,,,Agree,,Strongly agree,,Slightly agree,,,Frequently,,,,,Occasionally,,Rarely,,Occasionally,,,Slightly disagree,,,,,Slightly disagree,,Slightly disagree,,Slightly disagree,
"Twitter,Instagram,Reddit,YouTube,Facebook",,,,,,,,,,,,,,,,,,,,,,,,,,,,,,,,,,,,,Disagree,Agree,Slightly disagree,,,,Slightly disagree,,Slightly agree,,,,,,,,,,,,,,,,,,,,,,,,,,,,Slightly agree,Slightly agree,Disagree,,,,Disagree,,Agree,,,
"Instagram,Reddit,Tik Tok,BeReal,YouTube,Snapchat,Facebook,LinkedIn",,,,,,,,,,,,,,,,,,,,,,,,,,,,,,,,,,,,,,,,,,,,,,,,,,,,,,,,,,,,,,,,,,,,,,,,,,,,,,,,,,,,
"Twitter,Instagram,Reddit,YouTube,Snapchat,Facebook,LinkedIn",,,,,,,,,,,,,,,,,,,,,,,,,Very Frequently,Rarely,Frequently,,,,Occasionally,Rarely,Very Frequently,,Very Rarely,,,,,,,,,,,,,,,,,,,,,,,,,,,,,,,,,,,,,,,,,,,,,,,,,
"Instagram,YouTube,Facebook",,,,,,,,,,,,,,,,,,,,,,,,,,,,,,,,,,,,,,,,,,,,,,,,,,,,,,,,,,,,,,,,,,,,,,,,,,,,,,,,,,,,
"Facebook,LinkedIn",,,,,,,,,,,,,,,,,,,,,,,,,,,,,,,,,,,,,,,,,,,,,,,,,,,,,,,,,,,,,,,,,,,,,,,,,,,,,,,,,,,,
"Twitter,Instagram,Tik Tok,YouTube,Snapchat,Facebook",,,,,,,,,,,,,Very Frequently,Frequently,,,Very Frequently,,Rarely,Rarely,Very Frequently,,,,,,,,,,,,,,,,,,,,,,,,,,,,,,,,,,,,,,,,,,,,,,,,,,,,Slightly disagree,Agree,,,Slightly disagree,,Slightly disagree,Slightly disagree,Strongly agree,,,
"Instagram,YouTube,Snapchat,Facebook,LinkedIn",,Frequently,,,,,Rarely,Frequently,Frequently,,Occasionally,,,,,,,,,,,,,,,Occasionally,,,,,Occasionally,Rarely,Occasionally,,Occasionally,,,Agree,,,,,Disagree,Strongly agree,Slightly agree,,Agree,,,,,,,,,,,,,,,,,,,,,,,,,,,Slightly agree,,,,,Disagree,Slightly agree,Slightly agree,,Slightly agree,
"Instagram,Tik Tok,Facebook",,,,,,,,,,,,,,,,,,,,,,,,,,,,,,,,,,,,,,,,,,,,,,,,,,,,,,,,,,,,,,,,,,,,,,,,,,,,,,,,,,,,
"Twitter,Instagram,Tik Tok,YouTube,Snapchat,Facebook",,,,,,,,,,,,,,,,,,,,,,,,,,,,,,,,,,,,,,,,,,,,,,,,,,,,,,,,,,,,,,,,,,,,,,,,,,,,,,,,,,,,
,,,,,,,,,,,,,,,,,,,,,,,,,,,,,,,,,,,,,,,,,,,,,,,,,,,,,,,,,,,,,,,,,,,,,,,,,,,,,,,,,,,,
,,,,,,,,,,,,,,,,,,,,,,,,,,,,,,,,,,,,,,,,,,,,,,,,,,,,,,,,,,,,,,,,,,,,,,,,,,,,,,,,,,,,
"Reddit,YouTube",,,Occasionally,,,,Occasionally,,,,,,,,Very Frequently,,,,Frequently,,,,,,,,Very Frequently,,,,Rarely,,,,,,,,Disagree,,,,Disagree,,,,,,,,Slightly disagree,,,,Slightly agree,,,,,,,,Rarely,,,,Rarely,,,,,,,,Slightly disagree,,,,Slightly disagree,,,,,
"Twitter,Instagram,Reddit,BeReal,YouTube,Snapchat,LinkedIn,Twitch",,,,,,,,,,,,,,,,,,,,,,,,,,,,,,,,,,,,,,,,,,,,,,,,,,,,,,,,,,,,,,,,,,,,,,,,,,,,,,,,,,,,
"Twitter,Instagram,Reddit,Tumblr,Tik Tok,YouTube,Snapchat,Facebook,LinkedIn",,,,,,,,,,,,,,,,,,,,,,,,,,,,,,,,,,,,,,,,,,,,,,,,,,,,,,,,,,,,,,,,,,,,,,,,,,,,,,,,,,,,
"Twitter,Reddit,YouTube,LinkedIn",,,,,,,,,,,,,,,,,,,,,,,,,,,,,,,,,,,,,,,,,,,,,,,,,,,,,,,,,,,,,,,,,,,,,,,,,,,,,,,,,,,,
Reddit,,,,,,,,,,,,,,,,,,,,,,,,,,,,,,,,,,,,,,,,,,,,,,,,,,,,,,,,,,,,,,,,,,,,,,,,,,,,,,,,,,,,
"Twitter,Instagram,Reddit,Tik Tok,YouTube,Facebook,LinkedIn",,,,,,,,,,,,,,,,,,,,,,,,,,,,,,,,,,,,,,,,,,,,,,,,,,,,,,,,,,,,,,,,,,,,,,,,,,,,,,,,,,,,
"Twitter,Instagram,Reddit,Tumblr,Tik Tok,YouTube,Snapchat,LinkedIn",,,,,,,,,,,,,Very Frequently,Very Frequently,Very Frequently,Occasionally,Frequently,,Occasionally,Very Rarely,,,Never,,Occasionally,Very Frequently,Frequently,Rarely,Rarely,,Frequently,Occasionally,,,Occasionally,,,,,,,,,,,,,,,,,,,,,,,,,,,,,,,,,,,,,,,,,,,,,,,,,
"Twitter,Instagram,Reddit,BeReal,YouTube,Snapchat,LinkedIn",,,,,,,,,,,,,,,,,,,,,,,,,,,,,,,,,,,,,,,,,,,,,,,,,,,,,,,,,,,,,,,,,,,,,,,,,,,,,,,,,,,,
"Instagram,Reddit,YouTube,Facebook",,,,,,,,,,,,,,,,,,,,,,,,,,Very Rarely,Rarely,,,,Frequently,,Occasionally,,,,,Agree,Disagree,,,,Disagree,,Strongly agree,,,,,,,,,,,,,,,,,,,,,,,,,,,,,,,,,,,,,,,
"Twitter,Instagram,Reddit,YouTube,Facebook,LinkedIn",,,,,,,,,,,,,,,,,,,,,,,,,,,,,,,,,,,,,,,,,,,,,,,,,,,,,,,,,,,,,,,,,,,,,,,,,,,,,,,,,,,,
YouTube,,,,,,,Rarely,,,,,,,,,,,,Frequently,,,,,,,,,,,,,,,,,,,,,,,,,,,,,,,,,,,,Slightly disagree,,,,,,,,,,,,,,,,,,,,,,,,,,,,,
"Reddit,YouTube,Snapchat,LinkedIn,Twitch",,,Frequently,,,,Frequently,Frequently,,,Occasionally,Frequently,,,,,,,,,,,,,,,Occasionally,,,,Rarely,Never,,,Very Rarely,Occasionally,,,,,,,,,,,,,,,Slightly agree,,,,Strongly agree,Strongly agree,,,Strongly agree,Strongly agree,,,Frequently,,,,Frequently,Very Rarely,,,Very Rarely,Very Frequently,,,Slightly disagree,,,,Disagree,Strongly disagree,,,Slightly agree,Slightly disagree
"Twitter,Instagram,Reddit,Tik Tok,YouTube,Snapchat,Facebook,LinkedIn,Twitch",,,,,,,,,,,,,,,,,,,,,,,,,,,,,,,,,,,,,,,,,,,,,,,,,,,,,,,,,,,,,,,,,,,,,,,,,,,,,,,,,,,,
"Twitter,Instagram,Reddit,Tik Tok,BeReal,YouTube,Snapchat,Facebook,LinkedIn",,,,,,,,,,,,,,,,,,,,,,,,,,,,,,,,,,,,,,,,,,,,,,,,,,,,,,,,,,,,,,,,,,,,,,,,,,,,,,,,,,,,
,,,,,,,,,,,,,,,,,,,,,,,,,,,,,,,,,,,,,,,,,,,,,,,,,,,,,,,,,,,,,,,,,,,,,,,,,,,,,,,,,,,,
"Twitter,Reddit,YouTube",,,,,,,,,,,,,,,,,,,,,,,,,,,,,,,,,,,,,,,,,,,,,,,,,,,,,,,,,,,,,,,,,,,,,,,,,,,,,,,,,,,,
"Instagram,BeReal,YouTube,Snapchat,LinkedIn,Twitch",,,,,,,,,,,,,,Frequently,,,,Never,Rarely,Occasionally,,,Very Rarely,Rarely,,,,,,,,,,,,,,,,,,,,,,,,,,,,,,,,,,,,,,,,,,,,,,,,,,,,,,,,,,,,
"Instagram,Reddit,YouTube,Snapchat",,,,,,,,,,,,,,Rarely,Rarely,,,,Rarely,Rarely,,,,,,,,,,,,,,,,,,Strongly agree,Slightly disagree,,,,Slightly disagree,Strongly agree,,,,,,,,,,,,,,,,,,,,,,,,,,,,,,,,,,,,,,,,
"Instagram,Reddit,Tik Tok,BeReal,YouTube,Snapchat",,,,,,,,,,,,,,,,,,,,,,,,,,,,,,,,,,,,,,,,,,,,,,,,,,,,,,,,,,,,,,,,,,,,,,,,,,,,,,,,,,,,
"Twitter,Reddit,YouTube,4Chan",Very Rarely,,Occasionally,,,,Rarely,,,Very Rarely,,,Very Frequently,,Very Frequently,,,,Frequently,,,Very Frequently,,,Very Frequently,,Very Frequently,,,,Very Frequently,,,Very Frequently,,,Slightly agree,,Strongly disagree,,,,Slightly agree,,,Strongly disagree,,,Strongly agree,,Strongly agree,,,,Strongly agree,,,Disagree,,,Occasionally,,Occasionally,,,,Frequently,,,Very Rarely,,,Strongly disagree,,Strongly disagree,,,,Strongly disagree,,,Strongly disagree,,
"Twitter,Reddit,YouTube,Twitch",,,,,,,,,,,,,,,,,,,,,,,,,,,,,,,,,,,,,,,,,,,,,,,,,,,,,,,,,,,,,,,,,,,,,,,,,,,,,,,,,,,,
"Twitter,Instagram,Reddit,YouTube,4Chan,Twitch",,,,,,,,,,,,,,,,,,,,,,,,,,,,,,,,,,,,,,,,,,,,,,,,,Strongly agree,Strongly agree,Strongly agree,,,,Agree,,,Strongly disagree,,Agree,,,,,,,,,,,,,,,,,,,,,,,,
"Twitter,Instagram,Reddit,BeReal,YouTube,Snapchat,Facebook,LinkedIn,Twitch",,,,,,,,,,,,,,,,,,,,,,,,,,,,,,,,,,,,,,,,,,,,,,,,,,,,,,,,,,,,,,,,,,,,,,,,,,,,,,,,,,,,
"Twitter,Instagram,Reddit,Tik Tok,YouTube,Facebook,LinkedIn",,,,,,,,,,,,,,,,,,,,,,,,,,,,,,,,,,,,,,,,,,,,,,,,,,,,,,,,,,,,,,,,,,,,,,,,,,,,,,,,,,,,
"Twitter,Instagram,Reddit,Tumblr,Tik Tok,YouTube,Facebook,Twitch",Occasionally,Occasionally,Occasionally,Occasionally,Occasionally,,Occasionally,,Occasionally,,,Occasionally,Frequently,Very Rarely,Frequently,Rarely,Very Rarely,,Rarely,,Frequently,,,Rarely,Rarely,Rarely,,Rarely,Rarely,,Rarely,,Rarely,,,Rarely,Strongly disagree,Strongly disagree,Strongly disagree,Strongly disagree,Strongly disagree,,Strongly disagree,,Strongly disagree,,,Strongly disagree,Slightly agree,Strongly agree,Slightly agree,Slightly agree,Strongly agree,,Strongly agree,,Slightly agree,,,Slightly agree,Very Rarely,Occasionally,Occasionally,Never,Occasionally,,Very Rarely,,Very Rarely,,,Occasionally,Strongly disagree,Strongly disagree,,Strongly disagree,Strongly disagree,,Strongly disagree,,Strongly disagree,,,Strongly disagree
"Instagram,Reddit,Tik Tok,YouTube,Snapchat,Facebook,LinkedIn",,Frequently,Occasionally,,Frequently,,Frequently,Frequently,Frequently,,Frequently,,,,,,,,,,,,,,,Rarely,Frequently,,Rarely,,Never,Very Rarely,Frequently,,Occasionally,,,Slightly agree,Slightly disagree,,Agree,,Strongly agree,Strongly agree,Agree,,Slightly agree,,,,,,,,,,,,,,,Frequently,Occasionally,,Very Frequently,,Occasionally,Never,Rarely,,Frequently,,,,,,,,,,,,,
"Reddit,Facebook,LinkedIn",,,,,,,,,,,,,,,,,,,,,,,,,,,,,,,,,,,,,,,,,,,,,,,,,,,Slightly disagree,,,,,,Agree,,Slightly disagree,,,,,,,,,,,,,,,,,,,,,,,,,
"Instagram,Reddit,Tumblr,YouTube,Snapchat,Twitch",,Rarely,Frequently,Frequently,,,Occasionally,Occasionally,,,,Frequently,,Very Rarely,Occasionally,Occasionally,,,Occasionally,Very Rarely,,,,Very Rarely,,Never,Frequently,Frequently,,,Frequently,Never,,,,Never,,Slightly disagree,Strongly disagree,Strongly agree,,,Disagree,Strongly agree,,,,Strongly agree,,Agree,Disagree,Strongly disagree,,,Agree,Disagree,,,,Slightly disagree,,Occasionally,Very Frequently,Occasionally,,,Occasionally,Never,,,,Very Frequently,,Strongly disagree,Strongly disagree,Slightly agree,,,Strongly disagree,Strongly disagree,,,,Slightly agree
"Instagram,Tik Tok,YouTube,Snapchat,Facebook,LinkedIn",,Frequently,,,Frequently,,Occasionally,Occasionally,Frequently,,Occasionally,,,Occasionally,,,Frequently,,Occasionally,Never,Occasionally,,Never,,,Occasionally,,,Rarely,,Very Rarely,Rarely,Frequently,,Occasionally,,,Slightly agree,,,Slightly agree,,Disagree,Strongly agree,Agree,,Slightly agree,,,Strongly agree,,,Slightly agree,,Agree,Slightly disagree,Disagree,,Strongly disagree,,,Occasionally,,,Very Frequently,,Rarely,Occasionally,Frequently,,Occasionally,,,Slightly disagree,,,Slightly disagree,,Strongly disagree,Strongly disagree,Strongly disagree,,Strongly disagree,
"Instagram,Reddit,YouTube,LinkedIn",,Rarely,Occasionally,,,,Occasionally,,,,Occasionally,,,Very Frequently,Frequently,,,,Rarely,,,,Very Rarely,,,Occasionally,Occasionally,,,,Occasionally,,,,Occasionally,,,Strongly disagree,Strongly disagree,,,,Strongly disagree,,,,Slightly agree,,,Strongly agree,Slightly disagree,,,,Slightly disagree,,,,Disagree,,,Rarely,Occasionally,,,,Rarely,,,,Occasionally,,,Slightly agree,Slightly agree,,,,Strongly disagree,,,,Slightly agree,
,,,,,,,,,,,,,,,,,,,,,,,,,,,,,,,,,,,,,,,,,,,,,,,,,,,,,,,,,,,,,,,,,,,,,,,,,,,,,,,,,,,,
"Reddit,Tumblr,Snapchat",,,Occasionally,Very Frequently,,,,Frequently,,,,,,,Frequently,Occasionally,,,,Rarely,,,,,,,Frequently,Frequently,,,,Occasionally,,,,,,,Slightly agree,Agree,,,,Agree,,,,,,,Slightly disagree,Disagree,,,,Slightly agree,,,,,,,Frequently,Very Frequently,,,,Rarely,,,,,,,Disagree,Agree,,,,Slightly agree,,,,
"Instagram,Reddit,YouTube,Snapchat,Twitch",,Occasionally,Occasionally,,,,Very Frequently,Rarely,,,,Frequently,,Occasionally,Very Frequently,,,,Frequently,Very Rarely,,,,Frequently,,Very Frequently,Very Frequently,,,,Very Frequently,Rarely,,,,Very Frequently,,Strongly agree,Slightly agree,,,,Slightly agree,Agree,,,,Slightly agree,,Slightly disagree,Disagree,,,,Strongly agree,Slightly agree,,,,Slightly agree,,Occasionally,Occasionally,,,,Frequently,Very Rarely,,,,Very Frequently,,Slightly agree,Slightly agree,,,,Slightly agree,Slightly agree,,,,Slightly disagree
"Twitter,Reddit,Tik Tok,YouTube,Snapchat,Twitch",Frequently,,Occasionally,,Never,,Very Frequently,Frequently,,,,Very Frequently,Frequently,,Rarely,,Never,,Rarely,Never,,,,Rarely,Very Frequently,,Very Frequently,,Never,,Very Frequently,Very Rarely,,,,Frequently,Agree,,,,,,Slightly agree,Strongly agree,,,,Strongly agree,Slightly agree,,Slightly agree,,Slightly disagree,,Agree,Disagree,,,,Agree,Frequently,,Frequently,,Never,,Rarely,Very Frequently,,,,Occasionally,Agree,,Slightly disagree,,Disagree,,Disagree,Disagree,,,,Slightly agree
"Twitter,Reddit,YouTube,LinkedIn,Twitch",Occasionally,,Frequently,,,,Frequently,,,,Very Frequently,Very Frequently,Very Frequently,,Very Frequently,,,,Frequently,,,,Very Rarely,Occasionally,Frequently,,Frequently,,,,Frequently,,,,Occasionally,Occasionally,Slightly agree,,Slightly disagree,,,,Slightly disagree,,,,Disagree,Slightly agree,Slightly agree,,Slightly agree,,,,Strongly agree,,,,Slightly disagree,Slightly disagree,Frequently,,Occasionally,,,,Occasionally,,,,Frequently,Very Frequently,Slightly disagree,,Slightly disagree,,,,Strongly disagree,,,,Disagree,Slightly disagree
"Instagram,Reddit,YouTube,Snapchat,Facebook,LinkedIn",,,,,,,,,,,,,,,,,,,,,,,,,,,,,,,,,,,,,,,,,,,,,,,,,,Agree,Slightly disagree,,,,Agree,Slightly agree,Strongly agree,,Slightly agree,,,,,,,,,,,,,,,,,,,,,,,,,
"Twitter,Instagram,Reddit,Tik Tok,YouTube,Snapchat,Facebook,LinkedIn",Occasionally,Frequently,Occasionally,,Frequently,,Occasionally,Occasionally,Rarely,,Very Frequently,,Frequently,Rarely,Occasionally,,Rarely,,Frequently,Never,Frequently,,Never,,Frequently,Occasionally,Occasionally,,Rarely,,Occasionally,Rarely,Frequently,,Occasionally,,Disagree,Agree,Strongly disagree,,Disagree,,Disagree,Strongly agree,Strongly agree,,Agree,,Slightly disagree,Strongly agree,Slightly agree,,Slightly disagree,,Agree,Agree,Strongly agree,,Agree,,Very Frequently,Occasionally,Very Frequently,,Occasionally,,Very Rarely,Frequently,Occasionally,,Frequently,,Agree,Slightly agree,Disagree,,Slightly disagree,,Strongly disagree,Slightly agree,Slightly disagree,,Disagree,
"Twitter,Instagram,Reddit,Tik Tok,BeReal,YouTube,Snapchat,Facebook,LinkedIn",Frequently,Occasionally,Occasionally,,Frequently,Very Frequently,Very Frequently,Very Frequently,Occasionally,,Very Rarely,,,,,,,,,,,,,,,,,,,,,,,,,,,,,,,,,,,,,,,,,,,,,,,,,,,,,,,,,,,,,,Strongly agree,Disagree,Strongly disagree,,Slightly agree,Strongly disagree,Strongly disagree,Disagree,Strongly disagree,,Strongly disagree,
"Twitter,Instagram,Reddit,BeReal,YouTube,Snapchat,Facebook,LinkedIn",,,,,,,,,,,,,,,,,,,,,,,,,,,,,,,,,,,,,Slightly disagree,Disagree,Strongly disagree,,,Strongly agree,Strongly disagree,Slightly disagree,Slightly agree,,Agree,,Agree,Agree,Slightly disagree,,,Disagree,Slightly disagree,Agree,Disagree,,Disagree,,Frequently,Rarely,Occasionally,,,Never,Occasionally,Very Rarely,Frequently,,Very Rarely,,,,,,,,,,,,,
"Twitter,Instagram,Tumblr,Tik Tok,YouTube,Snapchat,Facebook,LinkedIn",,,,,,,,,,,,,,,,,,,,,,,,,,,,,,,,,,,,,,,,,,,,,,,,,,,,,,,,,,,,,Frequently,Very Frequently,,Occasionally,Frequently,,Very Frequently,Very Rarely,Frequently,,Rarely,,,,,,,,,,,,,
"Twitter,Instagram,Reddit,Tik Tok,YouTube,Snapchat,Facebook,4Chan,LinkedIn,Twitch",,,,,,,,,,,,,,,,,,,,,,,,,,,,,,,,,,,,,,,,,,,,,,,,,,,,,,,,,,,,,,,,,,,,,,,,,,,,,,,,,,,,
"Twitter,Instagram,Reddit,Tik Tok,YouTube,LinkedIn",,,,,,,,,,,,,Frequently,Occasionally,Very Rarely,,Occasionally,,Occasionally,,,,Never,,Frequently,Frequently,Frequently,,Very Frequently,,Frequently,,,,Occasionally,,,,,,,,,,,,,,Disagree,Strongly agree,Disagree,,Slightly disagree,,Slightly agree,,,,Slightly agree,,Frequently,Very Rarely,Very Frequently,,Occasionally,,Frequently,,,,Occasionally,,,,,,,,,,,,,
"Instagram,YouTube",,,,,,,,,,,,,,Very Frequently,,,,,Occasionally,,,,,,,,,,,,,,,,,,,,,,,,,,,,,,,,,,,,,,,,,,,Rarely,,,,,Very Rarely,,,,,,,Strongly disagree,,,,,Strongly disagree,,,,,
"Twitter,Instagram,Reddit,Tik Tok,BeReal,YouTube,Snapchat,Facebook,4Chan,LinkedIn,Twitch",,,,,,,,,,,,,,,,,,,,,,,,,,,,,,,,,,,,,,,,,,,,,,,,,,,,,,,,,,,,,,,,,,,,,,,,,,,,,,,,,,,,
"Twitter,Instagram,Reddit,YouTube,LinkedIn",,,,,,,,,,,,,,,,,,,,,,,,,,,,,,,,,,,,,,,,,,,,,,,,,,,,,,,,,,,,,,,,,,,,,,,,,,,,,,,,,,,,
"Instagram,Tumblr,YouTube,Snapchat",,Very Rarely,,Frequently,,,Very Rarely,Very Rarely,,,,,,Occasionally,,Occasionally,,,Occasionally,Very Rarely,,,,,,Very Rarely,,Occasionally,,,Occasionally,Occasionally,,,,,,Slightly agree,,Strongly agree,,,Strongly disagree,Agree,,,,,,Strongly agree,,Strongly disagree,,,Strongly agree,Agree,,,,,,Rarely,,Very Frequently,,,Occasionally,,,,,,,Disagree,,Agree,,,Strongly disagree,Slightly agree,,,,
"Instagram,Reddit,Tik Tok,BeReal,YouTube,Snapchat,Facebook,LinkedIn",,,,,,,,,,,,,,,,,,,,,,,,,,,,,,,,,,,,,,,,,,,,,,,,,,,,,,,,,,,,,,,,,,,,,,,,,,,,,,,,,,,,
"Twitter,Reddit,YouTube",Never,,Occasionally,,,,Very Rarely,,,,,,Very Frequently,,Very Frequently,,,,Frequently,,,,,,Frequently,,Very Frequently,,,,Occasionally,,,,,,Slightly disagree,,Slightly disagree,,,,Slightly disagree,,,,,,Slightly agree,,Agree,,,,Strongly agree,,,,,,Very Rarely,,Occasionally,,,,Very Rarely,,,,,,Strongly disagree,,Strongly disagree,,,,Strongly disagree,,,,,
"Instagram,Tik Tok,BeReal,YouTube,Snapchat,LinkedIn",,,,,,,,,,,,,,,,,,,,,,,,,,,,,,,,,,,,,,Agree,,,Agree,Agree,Disagree,Agree,,,Slightly agree,,,,,,,,,,,,,,,,,,,,,,,,,,,Agree,,,Slightly disagree,Slightly agree,Strongly disagree,Agree,,,Slightly agree,
,,,,,,,,,,,,,,,,,,,,,,,,,,,,,,,,,,,,,,,,,,,,,,,,,,,,,,,,,,,,,,,,,,,,,,,,,,,,,,,,,,,,
,,,,,,,,,,,,,,,,,,,,,,,,,,,,,,,,,,,,,,,,,,,,,,,,,,,,,,,,,,,,,,,,,,,,,,,,,,,,,,,,,,,,
"Twitter,Instagram,Reddit,Tik Tok,YouTube,Snapchat,Twitch",Rarely,Rarely,Rarely,,Rarely,,Occasionally,Occasionally,,,,Frequently,Frequently,Frequently,Very Frequently,,Frequently,,Frequently,Occasionally,,,,Occasionally,Frequently,Occasionally,Frequently,,Occasionally,,Occasionally,Rarely,,,,Rarely,Slightly disagree,Agree,Slightly disagree,,Slightly agree,,Disagree,Agree,,,,Slightly disagree,Agree,Agree,Slightly disagree,,Agree,,Slightly disagree,Slightly disagree,,,,Slightly disagree,Frequently,Occasionally,Occasionally,,Rarely,,Rarely,Rarely,,,,Frequently,Disagree,Slightly disagree,Disagree,,Disagree,,Disagree,Agree,,,,Agree
,,,,,,,,,,,,,,,,,,,,,,,,,,,,,,,,,,,,,,,,,,,,,,,,,,,,,,,,,,,,,,,,,,,,,,,,,,,,,,,,,,,,
"Twitter,Instagram,Tik Tok,BeReal,YouTube,Snapchat,Facebook,LinkedIn",,,,,,,,,,,,,,,,,,,,,,,,,,,,,,,,,,,,,,,,,,,,,,,,,,,,,,,,,,,,,,,,,,,,,,,,,,,,,,,,,,,,
"Twitter,Instagram,Reddit,Tik Tok,BeReal,YouTube,Snapchat,Facebook,LinkedIn",,,,,,,,,,,,,,,,,,,,,,,,,,,,,,,,,,,,,,,,,,,,,,,,,,,,,,,,,,,,,,,,,,,,,,,,,,,,,,,,,,,,
"Twitter,Instagram,Reddit,Tik Tok,YouTube,Snapchat,Facebook",Frequently,Never,Frequently,,Never,,,,,,,,Frequently,Never,Occasionally,,Rarely,,Rarely,,,,,,Rarely,,,,,,,,,,,,Agree,Strongly agree,,,,,,,,,,,Disagree,Slightly agree,,,,,,,,,,,Very Frequently,Never,Very Frequently,,Never,,Never,,Occasionally,,,,Strongly agree,Disagree,Disagree,,Strongly disagree,,Strongly disagree,Strongly disagree,Disagree,,,
"Instagram,Reddit,Tik Tok,BeReal,YouTube,Snapchat,LinkedIn",,,,,,,,,,,,,,,,,,,,,,,,,,,,,,,,,,,,,,,,,,,,,,,,,,,,,,,,,,,,,,,,,,,,,,,,,,,,,,,,,,,,
"Twitter,Instagram,Reddit,Tik Tok,BeReal,Snapchat,Facebook,LinkedIn",Occasionally,Frequently,Frequently,,Occasionally,Frequently,,Rarely,Occasionally,,Occasionally,,,,,,,,,,,,,,Frequently,Frequently,Frequently,,Rarely,Occasionally,,Rarely,Very Frequently,,Frequently,,,,,,,,,,,,,,,,,,,,,,,,,,Very Frequently,Occasionally,Very Frequently,,Frequently,Very Frequently,,Rarely,Occasionally,,Frequently,,,,,,,,,,,,,
"Twitter,Instagram,Reddit,Tik Tok,YouTube,Snapchat,Facebook",Occasionally,Occasionally,Frequently,,Frequently,,Occasionally,Occasionally,Occasionally,,,,,,,,,,,,,,,,,,,,,,,,,,,,,,,,,,,,,,,,,,,,,,,,,,,,,,,,,,,,,,,,Slightly agree,Agree,Agree,,Slightly agree,,Slightly disagree,Agree,Slightly agree,,,
"Twitter,Instagram,Tumblr,Tik Tok,YouTube,Snapchat,Twitch",,,,,,,,,,,,,,,,,,,,,,,,,,,,,,,,,,,,,,,,,,,,,,,,,,,,,,,,,,,,,,,,,,,,,,,,,,,,,,,,,,,,
"Twitter,Instagram,Tik Tok,BeReal,YouTube,Snapchat,Facebook,LinkedIn",Occasionally,Frequently,,,Very Frequently,Frequently,Occasionally,Rarely,Frequently,,Rarely,,Very Frequently,Occasionally,,,Very Frequently,Never,Frequently,Very Rarely,Frequently,,Very Rarely,,Frequently,Frequently,,,Occasionally,Never,Occasionally,Never,Rarely,,Rarely,,Disagree,Disagree,,,Strongly agree,Strongly agree,Strongly disagree,Slightly agree,Slightly agree,,Disagree,,Slightly agree,Slightly agree,,,Slightly agree,Strongly disagree,Slightly disagree,Slightly disagree,Slightly agree,,Agree,,Frequently,Frequently,,,Very Frequently,Frequently,Occasionally,Frequently,Occasionally,,Occasionally,,Agree,Slightly disagree,,,Agree,Disagree,Strongly disagree,Slightly disagree,Disagree,,Disagree,
"Reddit,Snapchat,LinkedIn",,,Occasionally,,,,,Never,,,Frequently,,,,Rarely,,,,,Never,,,Occasionally,,,,Very Frequently,,,,,Rarely,,,Frequently,,,,Strongly disagree,,,,,Agree,,,Agree,,,,Agree,,,,,Slightly disagree,,,Disagree,,,,Occasionally,,,,,Never,,,Frequently,,,,Strongly disagree,,,,,Strongly disagree,,,Agree,
"Twitter,Reddit,Tumblr,YouTube,LinkedIn",Frequently,,Frequently,Very Frequently,,,Frequently,,,,Occasionally,,Frequently,,Occasionally,Occasionally,,,Rarely,,,,Never,,Frequently,,Frequently,Very Frequently,,,Occasionally,,,,Very Rarely,,Slightly agree,,Disagree,,,,Disagree,,,,Slightly disagree,,Disagree,,Disagree,Slightly agree,,,Slightly agree,,,,Disagree,,Very Frequently,,Frequently,Frequently,,,Very Frequently,,,,Rarely,,Strongly agree,,Slightly disagree,Strongly agree,,,Slightly agree,,,,Slightly agree,
"Instagram,Reddit,YouTube,Snapchat,LinkedIn",,Rarely,Frequently,,,,Very Rarely,Very Rarely,,,Very Frequently,,,Rarely,Very Frequently,,,,Rarely,Rarely,,,Very Rarely,,,Never,Occasionally,,,,Occasionally,Never,,,Occasionally,,,Agree,Strongly disagree,,,,Disagree,Agree,,,Agree,,,Strongly agree,Strongly agree,,,,Strongly agree,Strongly agree,,,Strongly agree,,,Occasionally,Very Frequently,,,,Occasionally,Occasionally,,,Occasionally,,,Disagree,Disagree,,,,Disagree,Disagree,,,Disagree,
