Q4,A1_1,A1_2,A1_3,A1_4,A1_5,A1_6,A1_7,A1_8,A1_9,A1_10,A1_11,A1_12,A2_1,A2_2,A2_3,A2_4,A2_5,A2_6,A2_7,A2_8,A2_9,A2_10,A2_11,A2_12,A3_1,A3_2,A3_3,A3_4,A3_5,A3_6,A3_7,A3_8,A3_9,A3_10,A3_11,A3_12,A4_1,A4_2,A4_3,A4_4,A4_5,A4_6,A4_7,A4_8,A4_9,A4_10,A4_11,A4_12,A5_1,A5_2,A5_3,A5_4,A5_5,A5_6,A5_7,A5_8,A5_9,A5_10,A5_11,A5_12,A6_1,A6_2,A6_3,A6_4,A6_5,A6_6,A6_7,A6_8,A6_9,A6_10,A6_11,A6_12
"Which of the following social media have you used in the past three months?


You will be asked a series of 26 questions about each social media you select. Approximate timings are as follows:

1-4 social media: 10 minutes

4-8 social media: 15 minutes

8-12 social media: 20 minutes",I can control what I see on the platform. - Twitter,I can control what I see on the platform. - Instagram,I can control what I see on the platform. - Reddit,I can control what I see on the platform. - Tumblr,I can control what I see on the platform. - Tik Tok,I can control what I see on the platform. - BeReal,I can control what I see on the platform. - YouTube,I can control what I see on the platform. - Snapchat,I can control what I see on the platform. - Facebook,I can control what I see on the platform. - 4Chan,I can control what I see on the platform. - LinkedIn,I can control what I see on the platform. - Twitch,I can control the quantity and types of advertisements I see. - Twitter,I can control the quantity and types of advertisements I see. - Instagram,I can control the quantity and types of advertisements I see. - Reddit,I can control the quantity and types of advertisements I see. - Tumblr,I can control the quantity and types of advertisements I see. - Tik Tok,I can control the quantity and types of advertisements I see. - BeReal,I can control the quantity and types of advertisements I see. - YouTube,I can control the quantity and types of advertisements I see. - Snapchat,I can control the quantity and types of advertisements I see. - Facebook,I can control the quantity and types of advertisements I see. - 4Chan,I can control the quantity and types of advertisements I see. - LinkedIn,I can control the quantity and types of advertisements I see. - Twitch,The platform recommends me content that aligns with my previous interests. - Twitter,The platform recommends me content that aligns with my previous interests. - Instagram,The platform recommends me content that aligns with my previous interests. - Reddit,The platform recommends me content that aligns with my previous interests. - Tumblr,The platform recommends me content that aligns with my previous interests. - Tik Tok,The platform recommends me content that aligns with my previous interests. - BeReal,The platform recommends me content that aligns with my previous interests. - YouTube,The platform recommends me content that aligns with my previous interests. - Snapchat,The platform recommends me content that aligns with my previous interests. - Facebook,The platform recommends me content that aligns with my previous interests. - 4Chan,The platform recommends me content that aligns with my previous interests. - LinkedIn,The platform recommends me content that aligns with my previous interests. - Twitch,I find content on the platform that I wish I had not seen. - Twitter,I find content on the platform that I wish I had not seen. - Instagram,I find content on the platform that I wish I had not seen. - Reddit,I find content on the platform that I wish I had not seen. - Tumblr,I find content on the platform that I wish I had not seen. - Tik Tok,I find content on the platform that I wish I had not seen. - BeReal,I find content on the platform that I wish I had not seen. - YouTube,I find content on the platform that I wish I had not seen. - Snapchat,I find content on the platform that I wish I had not seen. - Facebook,I find content on the platform that I wish I had not seen. - 4Chan,I find content on the platform that I wish I had not seen. - LinkedIn,I find content on the platform that I wish I had not seen. - Twitch,The platform fosters a safe environment for all users. - Twitter,The platform fosters a safe environment for all users. - Instagram,The platform fosters a safe environment for all users. - Reddit,The platform fosters a safe environment for all users. - Tumblr,The platform fosters a safe environment for all users. - Tik Tok,The platform fosters a safe environment for all users. - BeReal,The platform fosters a safe environment for all users. - YouTube,The platform fosters a safe environment for all users. - Snapchat,The platform fosters a safe environment for all users. - Facebook,The platform fosters a safe environment for all users. - 4Chan,The platform fosters a safe environment for all users. - LinkedIn,The platform fosters a safe environment for all users. - Twitch,I revisit content on the platform. - Twitter,I revisit content on the platform. - Instagram,I revisit content on the platform. - Reddit,I revisit content on the platform. - Tumblr,I revisit content on the platform. - Tik Tok,I revisit content on the platform. - BeReal,I revisit content on the platform. - YouTube,I revisit content on the platform. - Snapchat,I revisit content on the platform. - Facebook,I revisit content on the platform. - 4Chan,I revisit content on the platform. - LinkedIn,I revisit content on the platform. - Twitch
"{""ImportId"":""QID18""}","{""ImportId"":""QID69_x1""}","{""ImportId"":""QID69_x2""}","{""ImportId"":""QID69_x3""}","{""ImportId"":""QID69_x4""}","{""ImportId"":""QID69_x5""}","{""ImportId"":""QID69_x6""}","{""ImportId"":""QID69_x7""}","{""ImportId"":""QID69_x8""}","{""ImportId"":""QID69_x9""}","{""ImportId"":""QID69_x10""}","{""ImportId"":""QID69_x11""}","{""ImportId"":""QID69_x12""}","{""ImportId"":""QID70_x1""}","{""ImportId"":""QID70_x2""}","{""ImportId"":""QID70_x3""}","{""ImportId"":""QID70_x4""}","{""ImportId"":""QID70_x5""}","{""ImportId"":""QID70_x6""}","{""ImportId"":""QID70_x7""}","{""ImportId"":""QID70_x8""}","{""ImportId"":""QID70_x9""}","{""ImportId"":""QID70_x10""}","{""ImportId"":""QID70_x11""}","{""ImportId"":""QID70_x12""}","{""ImportId"":""QID71_x1""}","{""ImportId"":""QID71_x2""}","{""ImportId"":""QID71_x3""}","{""ImportId"":""QID71_x4""}","{""ImportId"":""QID71_x5""}","{""ImportId"":""QID71_x6""}","{""ImportId"":""QID71_x7""}","{""ImportId"":""QID71_x8""}","{""ImportId"":""QID71_x9""}","{""ImportId"":""QID71_x10""}","{""ImportId"":""QID71_x11""}","{""ImportId"":""QID71_x12""}","{""ImportId"":""QID72_x1""}","{""ImportId"":""QID72_x2""}","{""ImportId"":""QID72_x3""}","{""ImportId"":""QID72_x4""}","{""ImportId"":""QID72_x5""}","{""ImportId"":""QID72_x6""}","{""ImportId"":""QID72_x7""}","{""ImportId"":""QID72_x8""}","{""ImportId"":""QID72_x9""}","{""ImportId"":""QID72_x10""}","{""ImportId"":""QID72_x11""}","{""ImportId"":""QID72_x12""}","{""ImportId"":""QID73_x1""}","{""ImportId"":""QID73_x2""}","{""ImportId"":""QID73_x3""}","{""ImportId"":""QID73_x4""}","{""ImportId"":""QID73_x5""}","{""ImportId"":""QID73_x6""}","{""ImportId"":""QID73_x7""}","{""ImportId"":""QID73_x8""}","{""ImportId"":""QID73_x9""}","{""ImportId"":""QID73_x10""}","{""ImportId"":""QID73_x11""}","{""ImportId"":""QID73_x12""}","{""ImportId"":""QID74_x1""}","{""ImportId"":""QID74_x2""}","{""ImportId"":""QID74_x3""}","{""ImportId"":""QID74_x4""}","{""ImportId"":""QID74_x5""}","{""ImportId"":""QID74_x6""}","{""ImportId"":""QID74_x7""}","{""ImportId"":""QID74_x8""}","{""ImportId"":""QID74_x9""}","{""ImportId"":""QID74_x10""}","{""ImportId"":""QID74_x11""}","{""ImportId"":""QID74_x12""}"
,,,,,,,,,,,,,,,,,,,,,,,,,,,,,,,,,,,,,,,,,,,,,,,,,,,,,,,,,,,,,,,,,,,,,,,,
"Twitter,Instagram,Reddit,Tumblr,Tik Tok,BeReal,YouTube,Snapchat,LinkedIn,Twitch",,,,,,,,,,,,,,,,,,,,,,,,,Occasionally,Occasionally,Frequently,Very Rarely,Rarely,Rarely,Very Rarely,Never,,,Rarely,Rarely,,,,,,,,,,,,,,,,,,,,,,,,,,,,,,,,,,,,
"Twitter,Instagram,Reddit,Tumblr,Tik Tok,BeReal,YouTube,Snapchat,LinkedIn,Twitch",Slightly disagree,Slightly agree,Slightly disagree,Slightly disagree,Agree,Disagree,Slightly agree,Agree,,,Disagree,Slightly disagree,Strongly agree,Strongly agree,Agree,Strongly agree,Strongly agree,Strongly disagree,Slightly agree,Strongly agree,,,Strongly agree,Slightly disagree,Rarely,Rarely,Rarely,Never,Never,Occasionally,Never,Frequently,,,Occasionally,Never,Rarely,Occasionally,Rarely,Rarely,Rarely,Frequently,Rarely,Rarely,,,Occasionally,Occasionally,Agree,Agree,Slightly agree,Slightly disagree,Agree,Disagree,Slightly disagree,Agree,,,Disagree,Slightly disagree,Agree,Strongly agree,Agree,Agree,Agree,Slightly disagree,Disagree,Agree,,,Strongly agree,Disagree
,,,,,,,,,,,,,,,,,,,,,,,,,,,,,,,,,,,,,,,,,,,,,,,,,,,,,,,,,,,,,,,,,,,,,,,,
"BeReal,Snapchat,Facebook",,,,,,,,,,,,,,,,,,,,,,,,,,,,,,,,,,,,,,,,,,,,,,,,,,,,,,,,,,,,,,,,,,,,,,,,
"Reddit,YouTube,Facebook,LinkedIn",,,Strongly disagree,,,,Strongly disagree,,Strongly disagree,,Disagree,,,,Strongly disagree,,,,,,Disagree,,Disagree,,,,Very Rarely,,,,Frequently,,Occasionally,,Rarely,,,,Occasionally,,,,Frequently,,Rarely,,Never,,,,Disagree,,,,Disagree,,Slightly agree,,Strongly agree,,,,Disagree,,,,Agree,,Slightly agree,,Slightly disagree,
"Reddit,YouTube,Snapchat",,,Slightly agree,,,,Slightly disagree,Slightly agree,,,,,,,Disagree,,,,Strongly disagree,Slightly disagree,,,,,,,Frequently,,,,Very Frequently,Very Rarely,,,,,,,Frequently,,,,Occasionally,Very Frequently,,,,,,,Slightly disagree,,,,Disagree,Strongly disagree,,,,,,,Agree,,,,Strongly agree,Disagree,,,,
"Instagram,Tik Tok,BeReal,YouTube,Snapchat,Facebook",,Agree,,,Slightly disagree,Strongly agree,Slightly disagree,Agree,Agree,,,,,Disagree,,,Slightly agree,There are no advertisements,Strongly disagree,Strongly disagree,Slightly agree,,,,,Frequently,,,Very Frequently,Never,Very Frequently,Never,Frequently,,,,,Occasionally,,,Frequently,Never,Very Rarely,Rarely,Occasionally,,,,,Disagree,,,Disagree,Strongly agree,Slightly disagree,Agree,Slightly agree,,,,,Disagree,,,Strongly disagree,Disagree,Strongly agree,Strongly disagree,Slightly agree,,,
"Instagram,Reddit,BeReal,YouTube,Snapchat,LinkedIn",,Agree,Strongly agree,,,Strongly agree,Agree,Disagree,,,Slightly agree,,,Disagree,Slightly disagree,,,There are no advertisements,Agree,Strongly disagree,,,Slightly disagree,,,Very Frequently,Very Frequently,,,Occasionally,Very Frequently,Never,,,Occasionally,,,Rarely,Frequently,,,Never,Occasionally,Frequently,,,Very Rarely,,,Slightly disagree,Disagree,,,Agree,Disagree,Slightly disagree,,,Slightly agree,,,Slightly agree,Slightly agree,,,Disagree,Agree,Strongly disagree,,,Strongly disagree,
"Instagram,Tik Tok,YouTube,Snapchat,Facebook",,Disagree,,,Disagree,,Disagree,Disagree,Disagree,,,,,Strongly disagree,,,Strongly disagree,,Strongly disagree,Strongly disagree,Strongly disagree,,,,,Occasionally,,,Frequently,,Rarely,Rarely,Rarely,,,,,Occasionally,,,Frequently,,Very Frequently,Occasionally,Very Frequently,,,,,Agree,,,Disagree,,Slightly disagree,Slightly agree,Slightly agree,,,,,Agree,,,Strongly agree,,Slightly agree,Slightly disagree,Slightly disagree,,,
"Instagram,Tik Tok,Snapchat,LinkedIn",,Agree,,,Slightly agree,,,Agree,,,Slightly agree,,,Disagree,,,Disagree,,,Disagree,,,Disagree,,,Occasionally,,,Very Frequently,,,Occasionally,,,Occasionally,,,Occasionally,,,Occasionally,,,Rarely,,,Never,,,Agree,,,Agree,,,Strongly agree,,,Strongly agree,,,Slightly agree,,,Strongly agree,,,Disagree,,,Slightly disagree,
"Twitter,Instagram,Reddit,Tik Tok,BeReal,YouTube,Snapchat,LinkedIn",Strongly agree,Agree,Strongly agree,,Agree,Strongly agree,Strongly agree,Strongly agree,,,Slightly agree,,Disagree,Disagree,Disagree,,Disagree,There are no advertisements,Agree,Disagree,,,Slightly disagree,,Frequently,Rarely,Very Frequently,,Frequently,Never,Very Frequently,Never,,,Rarely,,Frequently,Occasionally,Frequently,,Very Rarely,Never,Never,Occasionally,,,Occasionally,,Strongly disagree,Disagree,Disagree,,Slightly disagree,Strongly agree,Agree,Strongly disagree,,,Slightly agree,,Strongly disagree,Strongly disagree,Strongly disagree,,Strongly disagree,Strongly disagree,Agree,Strongly disagree,,,Strongly disagree,
"Twitter,Instagram,Reddit,Tumblr,Tik Tok,BeReal,YouTube,Snapchat,LinkedIn",Strongly disagree,Strongly disagree,Agree,Strongly agree,Slightly agree,Agree,Agree,Disagree,,,Strongly disagree,,Disagree,Slightly disagree,Disagree,Slightly agree,Disagree,Slightly agree,Disagree,Strongly disagree,,,Disagree,,Never,Occasionally,Frequently,Frequently,Occasionally,Never,Occasionally,Rarely,,,Very Rarely,,Very Frequently,Frequently,Occasionally,Rarely,Very Frequently,Occasionally,Occasionally,Frequently,,,Rarely,,Strongly disagree,Slightly agree,Slightly disagree,Slightly agree,Slightly disagree,Slightly agree,Slightly disagree,Strongly disagree,,,Agree,,Slightly agree,Slightly disagree,Disagree,Disagree,Slightly agree,Agree,Strongly agree,Agree,,,Strongly disagree,
"YouTube,Facebook",,,,,,,Agree,,Strongly disagree,,,,,,,,,,Slightly disagree,,Disagree,,,,,,,,,,Frequently,,Very Frequently,,,,,,,,,,Occasionally,,Very Frequently,,,,,,,,,,Agree,,Disagree,,,,,,,,,,Agree,,Agree,,,
,,,,,,,,,,,,,,,,,,,,,,,,,,,,,,,,,,,,,,,,,,,,,,,,,,,,,,,,,,,,,,,,,,,,,,,,
"Instagram,Facebook,LinkedIn",,Slightly agree,,,,,,,Slightly agree,,Slightly agree,,,Strongly agree,,,,,,,Slightly disagree,,Slightly agree,,,Rarely,,,,,,,Rarely,,Rarely,,,Very Rarely,,,,,,,Rarely,,Very Rarely,,,Slightly disagree,,,,,,,Slightly disagree,,Agree,,,Slightly disagree,,,,,,,Strongly agree,,Agree,
"Instagram,YouTube,Facebook,LinkedIn",,Slightly agree,,,,,Agree,,Slightly agree,,Slightly agree,,,Slightly agree,,,,,Slightly agree,,Slightly disagree,,Agree,,,,,,,,,,,,,,,,,,,,,,,,,,,,,,,,,,,,,,,,,,,,,,,,,
"Instagram,YouTube,Facebook",,Slightly agree,,,,,Disagree,,Slightly agree,,,,,Disagree,,,,,Disagree,,Disagree,,,,,Occasionally,,,,,Rarely,,Frequently,,,,,Very Rarely,,,,,Never,,Very Rarely,,,,,Strongly agree,,,,,Strongly agree,,Strongly agree,,,,,Slightly agree,,,,,Disagree,,Slightly agree,,,
"Instagram,Tik Tok,BeReal,YouTube",,Slightly agree,,,Slightly agree,Agree,Slightly agree,,,,,,,Slightly agree,,,Slightly agree,There are no advertisements,Slightly agree,,,,,,,,,,,,,,,,,,,Occasionally,,,Occasionally,Never,Very Rarely,,,,,,,Slightly disagree,,,Slightly disagree,Strongly agree,Slightly disagree,,,,,,,,,,,,,,,,,
"YouTube,Facebook",,,,,,,Strongly agree,,Strongly agree,,,,,,,,,,Strongly disagree,,Strongly disagree,,,,,,,,,,Occasionally,,Very Rarely,,,,,,,,,,Never,,Never,,,,,,,,,,Agree,,Agree,,,,,,,,,,Disagree,,Disagree,,,
Facebook,,,,,,,,,Disagree,,,,,,,,,,,,Strongly disagree,,,,,,,,,,,,Occasionally,,,,,,,,,,,,Very Frequently,,,,,,,,,,,,Disagree,,,,,,,,,,,,Slightly disagree,,,
"Instagram,Reddit,Tik Tok,YouTube,Facebook",,Slightly agree,Strongly agree,,Slightly disagree,,Slightly agree,,Disagree,,,,,Slightly agree,There are no advertisements,,Agree,,Strongly disagree,,Strongly disagree,,,,,Frequently,Never,,Frequently,,Occasionally,,Very Frequently,,,,,Occasionally,Occasionally,,Occasionally,,Occasionally,,Occasionally,,,,,Disagree,Slightly agree,,Disagree,,Slightly disagree,,Disagree,,,,,Agree,Agree,,Disagree,,Agree,,Disagree,,,
"YouTube,Facebook,LinkedIn",,,,,,,Disagree,,Slightly agree,,Disagree,,,,,,,,Disagree,,Disagree,,Disagree,,,,,,,,Occasionally,,Occasionally,,Rarely,,,,,,,,Occasionally,,Very Frequently,,Occasionally,,,,,,,,Disagree,,Slightly disagree,,Slightly agree,,,,,,,,,,Agree,,,
"Twitter,Facebook,LinkedIn",Slightly agree,,,,,,,,Slightly agree,,Slightly agree,,Strongly agree,,,,,,,,Disagree,,Agree,,Frequently,,,,,,,,Occasionally,,Occasionally,,Occasionally,,,,,,,,Frequently,,Rarely,,Disagree,,,,,,,,Disagree,,Agree,,Disagree,,,,,,,,Disagree,,Agree,
"Instagram,Facebook,LinkedIn",,Agree,,,,,,,,,,,,Strongly agree,,,,,,,Slightly agree,,Disagree,,,Frequently,,,,,,,,,,,,,,,,,,,Occasionally,,,,,,,,,,,,Agree,,,,,,,,,,,,,,Slightly agree,
"Twitter,Instagram,YouTube,Facebook",Slightly agree,Agree,,,,,Agree,,Agree,,,,Disagree,Disagree,,,,,Disagree,,Disagree,,,,Frequently,Frequently,,,,,Frequently,,Frequently,,,,Very Rarely,Very Rarely,,,,,Never,,Never,,,,Strongly agree,Strongly agree,,,,,Strongly agree,,Strongly agree,,,,Slightly agree,Strongly agree,,,,,Strongly agree,,Strongly agree,,,
Facebook,,,,,,,,,Slightly disagree,,,,,,,,,,,,Agree,,,,,,,,,,,,Occasionally,,,,,,,,,,,,Occasionally,,,,,,,,,,,,Slightly agree,,,,,,,,,,,,Slightly agree,,,
"Twitter,Instagram,Reddit,Tik Tok,YouTube,Facebook",Strongly disagree,Agree,Agree,,Slightly disagree,,Strongly agree,,Slightly agree,,,,Strongly disagree,Strongly disagree,Slightly agree,,Disagree,,Strongly disagree,,Disagree,,,,Very Rarely,Frequently,Occasionally,,Occasionally,,Frequently,,Frequently,,,,Very Frequently,Rarely,Rarely,,Rarely,,Rarely,,Occasionally,,,,Strongly disagree,Agree,Slightly agree,,Disagree,,Slightly agree,,Slightly disagree,,,,Strongly disagree,Agree,Disagree,,Strongly disagree,,Strongly agree,,Agree,,,
"Twitter,Tik Tok,YouTube,Facebook",Strongly agree,,,,Strongly agree,,Strongly agree,,Strongly agree,,,,Slightly disagree,,,,Agree,,Slightly disagree,,Agree,,,,Occasionally,,,,Occasionally,,Occasionally,,Very Frequently,,,,Very Rarely,,,,Very Rarely,,Very Rarely,,Very Rarely,,,,Slightly disagree,,,,Slightly disagree,,Slightly disagree,,Slightly disagree,,,,Slightly agree,,,,Agree,,Slightly agree,,Agree,,,
Facebook,,,,,,,,,Strongly disagree,,,,,,,,,,,,Strongly disagree,,,,,,,,,,,,Occasionally,,,,,,,,,,,,Frequently,,,,,,,,,,,,Disagree,,,,,,,,,,,,Agree,,,
"Twitter,Instagram,Reddit,YouTube,Facebook,LinkedIn",Slightly disagree,Agree,Slightly agree,,,,Slightly agree,,Slightly disagree,,Agree,,Strongly disagree,Strongly disagree,Strongly disagree,,,,Strongly disagree,,Strongly disagree,,Strongly disagree,,Rarely,Rarely,Occasionally,,,,Rarely,,Rarely,,Occasionally,,Occasionally,Very Rarely,Very Rarely,,,,Very Rarely,,Occasionally,,Never,,Strongly disagree,Slightly disagree,Disagree,,,,Disagree,,Disagree,,Slightly agree,,Disagree,Disagree,Disagree,,,,Slightly agree,,Agree,,Slightly agree,
"Instagram,Facebook,LinkedIn",,Slightly disagree,,,,,,,Slightly agree,,Disagree,,,Slightly disagree,,,,,,,Slightly disagree,,There are no advertisements,,,Occasionally,,,,,,,Frequently,,Frequently,,,Occasionally,,,,,,,Occasionally,,Very Rarely,,,Disagree,,,,,,,Disagree,,Agree,,,Slightly agree,,,,,,,Slightly agree,,Slightly agree,
"Twitter,Instagram,Snapchat,Facebook",Slightly agree,Agree,,,,,,Slightly disagree,Agree,,,,Agree,Agree,,,,,,Slightly agree,Agree,,,,Very Frequently,Frequently,,,,,,Occasionally,Frequently,,,,Occasionally,Rarely,,,,,,Frequently,Occasionally,,,,Slightly agree,Agree,,,,,,Slightly disagree,Slightly agree,,,,Slightly agree,Slightly agree,,,,,,Disagree,Disagree,,,
"Instagram,YouTube,Facebook,LinkedIn",,Disagree,,,,,Slightly disagree,,Disagree,,Disagree,,,Strongly disagree,,,,,Strongly disagree,,Strongly disagree,,Strongly disagree,,,,,,,,Very Frequently,,Very Frequently,,Occasionally,,,Very Rarely,,,,,Very Rarely,,Very Rarely,,Very Rarely,,,,,,,,,,,,,,,Strongly disagree,,,,,Slightly disagree,,Slightly disagree,,Slightly disagree,
"Twitter,Instagram,Facebook",Slightly agree,Slightly disagree,,,,,,,Slightly disagree,,,,Slightly disagree,Slightly disagree,,,,,,,Slightly disagree,,,,,Occasionally,,,,,,,,,,,Occasionally,Occasionally,,,,,,,Frequently,,,,Slightly disagree,Slightly disagree,,,,,,,Slightly disagree,,,,,Slightly agree,,,,,,,,,,
"Instagram,YouTube,Facebook",,Agree,,,,,Agree,,Slightly disagree,,,,,Strongly disagree,,,,,Strongly disagree,,Strongly disagree,,,,,Occasionally,,,,,Occasionally,,Occasionally,,,,,Rarely,,,,,Rarely,,Rarely,,,,,Slightly agree,,,,,Slightly agree,,Slightly disagree,,,,,Agree,,,,,Disagree,,Strongly agree,,,
"Instagram,Tik Tok,YouTube,Facebook",,Agree,,,Slightly disagree,,Agree,,Disagree,,,,,There are no advertisements,,,There are no advertisements,,Slightly disagree,,Slightly disagree,,,,,Occasionally,,,Occasionally,,Very Frequently,,Very Frequently,,,,,Very Rarely,,,Very Rarely,,Rarely,,Occasionally,,,,,Slightly agree,,,Slightly disagree,,Disagree,,Disagree,,,,,Disagree,,,Disagree,,Agree,,Agree,,,
"Instagram,YouTube,Facebook",,Agree,,,,,Agree,,Agree,,,,,Slightly agree,,,,,Slightly disagree,,Slightly agree,,,,,Frequently,,,,,Frequently,,Frequently,,,,,Frequently,,,,,Occasionally,,Frequently,,,,,Slightly agree,,,,,Slightly agree,,Slightly agree,,,,,Disagree,,,,,Agree,,Agree,,,
"Tik Tok,YouTube,Facebook",,,,,Strongly agree,,Strongly agree,,Slightly agree,,,,,,,,Agree,,Disagree,,Agree,,,,,,,,Rarely,,Occasionally,,Very Frequently,,,,,,,,Very Rarely,,Very Rarely,,Very Rarely,,,,,,,,Slightly disagree,,Agree,,Slightly disagree,,,,,,,,Strongly agree,,Slightly disagree,,Strongly agree,,,
Facebook,,,,,,,,,Slightly disagree,,,,,,,,,,,,Disagree,,,,,,,,,,,,Occasionally,,,,,,,,,,,,Rarely,,,,,,,,,,,,Agree,,,,,,,,,,,,Agree,,,
"Twitter,Instagram,Tik Tok,YouTube,Snapchat,Facebook",Slightly agree,Slightly agree,,,Slightly agree,,Slightly agree,Slightly agree,Slightly agree,,,,Slightly agree,Agree,,,Agree,,Slightly agree,Agree,Slightly agree,,,,Occasionally,Very Rarely,,,Very Rarely,,Rarely,Very Rarely,Frequently,,,,Rarely,Rarely,,,Rarely,,Rarely,Rarely,Occasionally,,,,Slightly agree,Slightly agree,,,Slightly disagree,,Slightly agree,Slightly agree,Slightly agree,,,,Slightly agree,Slightly agree,,,Disagree,,Disagree,Slightly agree,Agree,,,
"YouTube,Facebook,LinkedIn",,,,,,,Agree,,Slightly agree,,Slightly agree,,,,,,,,Disagree,,Disagree,,Agree,,,,,,,,Occasionally,,Frequently,,Occasionally,,,,,,,,Occasionally,,Frequently,,Very Rarely,,,,,,,,Agree,,Slightly agree,,Strongly agree,,,,,,,,Strongly agree,,Agree,,Disagree,
"Instagram,YouTube,Facebook,LinkedIn",,Slightly disagree,,,,,Strongly agree,,Disagree,,Slightly agree,,,Slightly disagree,,,,,Strongly agree,,Slightly disagree,,Agree,,,Rarely,,,,,Frequently,,Rarely,,Very Frequently,,,Occasionally,,,,,Frequently,,Frequently,,Very Rarely,,,Disagree,,,,,Agree,,Disagree,,Strongly agree,,,Disagree,,,,,Strongly agree,,Disagree,,Disagree,
"Instagram,Snapchat,Facebook,LinkedIn",,Slightly agree,,,,,,Agree,Slightly agree,,Agree,,,Slightly disagree,,,,,,Agree,Slightly agree,,There are no advertisements,,,Frequently,,,,,,Occasionally,Frequently,,Frequently,,,Rarely,,,,,,Rarely,Occasionally,,Very Rarely,,,Slightly agree,,,,,,Slightly disagree,Disagree,,Agree,,,Strongly disagree,,,,,,Strongly disagree,Strongly disagree,,Strongly disagree,
"Instagram,Facebook",,Agree,,,,,,,Slightly agree,,,,,Slightly agree,,,,,,,Slightly disagree,,,,,Very Frequently,,,,,,,Frequently,,,,,Very Rarely,,,,,,,Rarely,,,,,Slightly disagree,,,,,,,Disagree,,,,,Slightly agree,,,,,,,Slightly agree,,,
"Instagram,Facebook,LinkedIn",,Slightly agree,,,,,,,Slightly agree,,Disagree,,,Slightly agree,,,,,,,Slightly agree,,Slightly disagree,,,Occasionally,,,,,,,Occasionally,,Occasionally,,,Occasionally,,,,,,,Frequently,,Never,,,Slightly disagree,,,,,,,Slightly disagree,,Slightly agree,,,Slightly agree,,,,,,,Disagree,,Disagree,
"YouTube,Facebook,LinkedIn",,,,,,,Agree,,Disagree,,Agree,,,,,,,,Slightly disagree,,Slightly disagree,,There are no advertisements,,,,,,,,Frequently,,Frequently,,Rarely,,,,,,,,Rarely,,Occasionally,,Never,,,,,,,,Agree,,Slightly disagree,,Agree,,,,,,,,Agree,,Agree,,Disagree,
"Instagram,Tik Tok,YouTube,Facebook",,Disagree,,,Disagree,,Strongly agree,,Slightly disagree,,,,,Slightly agree,,,Slightly agree,,Slightly agree,,Slightly agree,,,,,Occasionally,,,Rarely,,Rarely,,Frequently,,,,,Frequently,,,Occasionally,,Occasionally,,Frequently,,,,,Agree,,,Disagree,,Disagree,,Agree,,,,,Slightly agree,,,Disagree,,Slightly agree,,Slightly agree,,,
"YouTube,Facebook",,,,,,,Slightly disagree,,Disagree,,,,,,,,,,Slightly disagree,,Disagree,,,,,,,,,,Rarely,,Occasionally,,,,,,,,,,Rarely,,Very Frequently,,,,,,,,,,Disagree,,Disagree,,,,,,,,,,Agree,,Slightly agree,,,
"Instagram,Snapchat,Facebook",,Disagree,,,,,,Disagree,Disagree,,,,,Disagree,,,,,,Disagree,Disagree,,,,,Occasionally,,,,,,Occasionally,Very Frequently,,,,,Rarely,,,,,,Rarely,Frequently,,,,,Slightly agree,,,,,,Slightly agree,Agree,,,,,Disagree,,,,,,Disagree,Agree,,,
"Twitter,Instagram,Tik Tok,YouTube,Facebook,LinkedIn",Slightly agree,Slightly agree,,,Slightly agree,,Agree,,Slightly disagree,,Slightly agree,,Disagree,Slightly disagree,,,Slightly disagree,,Strongly disagree,,Disagree,,Slightly agree,,Occasionally,Occasionally,,,Frequently,,Frequently,,Very Frequently,,Frequently,,Rarely,Rarely,,,Rarely,,Rarely,,Rarely,,Rarely,,Slightly agree,Slightly agree,,,Slightly agree,,Slightly disagree,,Slightly agree,,Strongly agree,,Disagree,Disagree,,,Agree,,Strongly agree,,Agree,,Agree,
"Twitter,Instagram,Facebook,LinkedIn",Agree,Agree,,,,,,,Agree,,Agree,,,Agree,,,,,,,Agree,,Agree,,Occasionally,,,,,,,,Occasionally,,Occasionally,,Rarely,Rarely,,,,,,,Frequently,,Rarely,,Slightly disagree,Agree,,,,,,,Agree,,Agree,,Disagree,Disagree,,,,,,,Disagree,,Disagree,
"Reddit,Tik Tok,YouTube,Facebook",,,Slightly disagree,,Disagree,,Slightly disagree,,Agree,,,,,,Disagree,,Disagree,,Disagree,,Slightly disagree,,,,,,Occasionally,,Very Frequently,,Occasionally,,Frequently,,,,,,Never,,Never,,Never,,Never,,,,,,Slightly agree,,Slightly agree,,Slightly agree,,Slightly agree,,,,,,Agree,,Agree,,Agree,,Agree,,,
"Twitter,Instagram,YouTube,Facebook",Agree,Slightly agree,,,,,Strongly agree,,Slightly agree,,,,Strongly disagree,Strongly disagree,,,,,Strongly disagree,,Strongly disagree,,,,Occasionally,Rarely,,,,,Occasionally,,Rarely,,,,Occasionally,Occasionally,,,,,Rarely,,Rarely,,,,Slightly disagree,Slightly disagree,,,,,Slightly agree,,Slightly disagree,,,,Disagree,Disagree,,,,,Disagree,,Disagree,,,
"Twitter,Instagram,Reddit,YouTube,Facebook,LinkedIn",Slightly disagree,Slightly disagree,Slightly disagree,,,,Slightly disagree,,Slightly disagree,,Disagree,,Strongly disagree,Strongly disagree,Strongly disagree,,,,Strongly disagree,,Strongly disagree,,Strongly disagree,,Occasionally,Very Frequently,Occasionally,,,,Frequently,,Occasionally,,Rarely,,Occasionally,Occasionally,Occasionally,,,,Occasionally,,Very Frequently,,Never,,Strongly disagree,Strongly disagree,Strongly disagree,,,,Strongly disagree,,Strongly disagree,,Slightly agree,,Strongly disagree,Strongly disagree,Strongly disagree,,,,Slightly agree,,Strongly disagree,,Strongly disagree,
"Instagram,Tik Tok,Facebook,LinkedIn",,Agree,,,Agree,,,,Slightly agree,,Slightly disagree,,,Slightly disagree,,,Disagree,,,,Slightly disagree,,Slightly disagree,,,Very Rarely,,,Very Frequently,,,,Very Rarely,,Very Rarely,,,Very Rarely,,,Very Rarely,,,,Very Rarely,,Very Rarely,,,Strongly disagree,,,Agree,,,,Strongly disagree,,Agree,,,Strongly disagree,,,Strongly disagree,,,,Agree,,Disagree,
"Twitter,Facebook,LinkedIn",Disagree,,,,,,,,Disagree,,Disagree,,Disagree,,,,,,,,Disagree,,Disagree,,Frequently,,,,,,,,Occasionally,,Frequently,,Occasionally,,,,,,,,Very Frequently,,Never,,Strongly disagree,,,,,,,,Strongly disagree,,Strongly agree,,Strongly agree,,,,,,,,Strongly agree,,Agree,
"Instagram,Facebook,LinkedIn",,Agree,,,,,,,,,Agree,,,,,,,,,,,,Disagree,,,Occasionally,,,,,,,,,,,,,,,,,,,,,Very Rarely,,,,,,,,,,,,Disagree,,,,,,,,,,Agree,,,
"Twitter,Instagram,Reddit,Tik Tok,YouTube,Facebook",Slightly disagree,Slightly disagree,Agree,,Slightly disagree,,Agree,,Agree,,,,Slightly disagree,Disagree,Strongly disagree,,Slightly disagree,,Disagree,,Slightly disagree,,,,Rarely,Frequently,Never,,Occasionally,,Frequently,,Occasionally,,,,Rarely,Very Rarely,Occasionally,,Occasionally,,Occasionally,,Very Rarely,,,,Slightly agree,Slightly agree,Slightly agree,,Slightly agree,,Agree,,Slightly agree,,,,Strongly disagree,Slightly disagree,Agree,,Disagree,,Slightly disagree,,Agree,,,
"Facebook,LinkedIn",,,,,,,,,Slightly agree,,Disagree,,,,,,,,,,Slightly agree,,Disagree,,,,,,,,,,Frequently,,Rarely,,,,,,,,,,Frequently,,Rarely,,,,,,,,,,Slightly disagree,,Slightly agree,,,,,,,,,,Slightly agree,,Disagree,
"Reddit,Facebook",,,Slightly agree,,,,,,Slightly agree,,,,,,Slightly disagree,,,,,,Slightly disagree,,,,,,Occasionally,,,,,,Rarely,,,,,,Occasionally,,,,,,Occasionally,,,,,,Slightly agree,,,,,,Agree,,,,,,Slightly agree,,,,,,Strongly agree,,,
"YouTube,Facebook",,,,,,,Agree,,Strongly disagree,,,,,,,,,,Strongly disagree,,Strongly disagree,,,,,,,,,,Occasionally,,Occasionally,,,,,,,,,,Frequently,,Very Frequently,,,,,,,,,,Disagree,,,,,,,,,,,,Agree,,Agree,,,
"Twitter,Instagram,YouTube,Facebook",Slightly agree,Slightly agree,,,,,Slightly agree,,Slightly agree,,,,Strongly agree,Agree,,,,,Strongly agree,,Strongly agree,,,,Very Frequently,Very Frequently,,,,,Very Frequently,,Very Frequently,,,,Frequently,Frequently,,,,,Frequently,,Frequently,,,,Slightly disagree,Slightly disagree,,,,,Slightly agree,,Slightly disagree,,,,Agree,Agree,,,,,Agree,,Strongly agree,,,
"Instagram,Facebook",,Slightly disagree,,,,,,,Disagree,,,,,Strongly disagree,,,,,,,Strongly disagree,,,,,Occasionally,,,,,,,Occasionally,,,,,Occasionally,,,,,,,Frequently,,,,,Slightly agree,,,,,,,Slightly agree,,,,,Agree,,,,,,,Slightly agree,,,
"YouTube,Facebook",,,,,,,Strongly disagree,,Slightly disagree,,,,,,,,,,Strongly disagree,,Strongly disagree,,,,,,,,,,Occasionally,,Very Frequently,,,,,,,,,,Occasionally,,Occasionally,,,,,,,,,,Disagree,,Disagree,,,,,,,,,,Strongly disagree,,Agree,,,
"Twitter,Instagram,Reddit,Tik Tok,YouTube,Facebook",Slightly disagree,Agree,Strongly agree,,Disagree,,Strongly agree,,Slightly agree,,,,There are no advertisements,There are no advertisements,There are no advertisements,,There are no advertisements,,Disagree,,Disagree,,,,Never,Occasionally,Rarely,,Rarely,,Occasionally,,Occasionally,,,,Occasionally,Rarely,Occasionally,,Occasionally,,Occasionally,,Occasionally,,,,Agree,Agree,Agree,,Agree,,Agree,,Agree,,,,Strongly disagree,Slightly agree,Strongly disagree,,Slightly agree,,Strongly agree,,Agree,,,
"Twitter,Instagram,Reddit,Tik Tok,YouTube,Snapchat,Facebook,LinkedIn",Slightly agree,Slightly agree,Agree,,Slightly agree,,Slightly agree,Slightly agree,Slightly agree,,Agree,,Slightly disagree,There are no advertisements,There are no advertisements,,There are no advertisements,,Disagree,There are no advertisements,Slightly agree,,Slightly agree,,Occasionally,Occasionally,Occasionally,,Occasionally,,Occasionally,Occasionally,Occasionally,,Frequently,,,,,,,,Very Rarely,,,,,,Slightly disagree,Agree,Slightly disagree,,Slightly agree,,Slightly agree,Slightly agree,Slightly agree,,Agree,,,,,,,,,Disagree,,,,
"YouTube,Facebook,LinkedIn",,,,,,,Strongly disagree,,Strongly disagree,,Disagree,,,,,,,,Slightly agree,,Slightly agree,,Disagree,,,,,,,,Rarely,,Occasionally,,Occasionally,,,,,,,,Occasionally,,Frequently,,Rarely,,,,,,,,Disagree,,Strongly disagree,,Slightly agree,,,,,,,,Disagree,,Disagree,,Disagree,
"Instagram,Tik Tok,Snapchat,Facebook,LinkedIn",,Agree,,,Slightly agree,,,Slightly agree,Strongly agree,,Agree,,,Slightly disagree,,,Slightly disagree,,,Disagree,Slightly disagree,,Slightly agree,,,Frequently,,,Frequently,,,Never,Frequently,,Frequently,,,Rarely,,,Frequently,,,Frequently,Rarely,,Rarely,,,Slightly agree,,,Slightly agree,,,Slightly disagree,Slightly agree,,Slightly agree,,,Slightly agree,,,Slightly agree,,,Disagree,Slightly agree,,Slightly agree,
"Twitter,Instagram,YouTube,Facebook,LinkedIn",Agree,Slightly agree,,,,,Agree,,Slightly agree,,Agree,,Disagree,Disagree,,,,,Disagree,,Strongly disagree,,Slightly agree,,Occasionally,Occasionally,,,,,Very Rarely,,Occasionally,,Frequently,,Occasionally,Very Rarely,,,,,Rarely,,Frequently,,Never,,Slightly agree,Slightly agree,,,,,Slightly agree,,Slightly agree,,Agree,,Slightly agree,Slightly agree,,,,,Slightly agree,,Agree,,Agree,
"Twitter,Instagram,YouTube,Facebook,LinkedIn",Slightly disagree,Slightly disagree,,,,,Slightly disagree,,Disagree,,Slightly disagree,,Disagree,Disagree,,,,,Disagree,,Disagree,,Disagree,,Occasionally,Occasionally,,,,,Occasionally,,Frequently,,Frequently,,Frequently,Rarely,,,,,Rarely,,Occasionally,,Very Rarely,,Slightly disagree,Slightly disagree,,,,,Agree,,Disagree,,Agree,,Slightly disagree,Slightly agree,,,,,Agree,,Slightly agree,,Slightly agree,
"Instagram,Tik Tok,YouTube,Facebook,LinkedIn",,Slightly agree,,,Slightly agree,,Agree,,Slightly agree,,Slightly disagree,,,Slightly agree,,,Disagree,,Disagree,,Agree,,There are no advertisements,,,Frequently,,,Frequently,,Frequently,,Frequently,,Frequently,,,Very Frequently,,,Very Frequently,,Occasionally,,Very Frequently,,Very Rarely,,,Strongly disagree,,,Strongly disagree,,Slightly agree,,Strongly disagree,,Agree,,,Agree,,,Slightly agree,,Slightly agree,,Slightly disagree,,Disagree,
"Reddit,YouTube,Facebook,LinkedIn",,,Slightly disagree,,,,Slightly agree,,Disagree,,Slightly disagree,,,,Slightly agree,,,,Slightly agree,,Strongly disagree,,Slightly disagree,,,,Rarely,,,,Frequently,,Frequently,,Occasionally,,,,Very Rarely,,,,Very Rarely,,Occasionally,,Never,,,,Agree,,,,Agree,,Agree,,Strongly agree,,,,Agree,,,,Slightly agree,,Agree,,Disagree,
,,,,,,,,,,,,,,,,,,,,,,,,,,,,,,,,,,,,,,,,,,,,,,,,,,,,,,,,,,,,,,,,,,,,,,,,
"Twitter,Reddit,YouTube,Snapchat,Twitch",Disagree,,Strongly agree,,,,Slightly agree,Slightly agree,,,,Agree,Strongly disagree,,Disagree,,,,Slightly agree,Strongly disagree,,,,Strongly disagree,Very Rarely,,Occasionally,,,,Very Frequently,Never,,,,Never,Frequently,,Very Rarely,,,,Very Rarely,Rarely,,,,Never,Disagree,,Agree,,,,Slightly agree,Slightly agree,,,,Slightly agree,Strongly disagree,,Disagree,,,,Slightly agree,Strongly disagree,,,,Slightly disagree
"Twitter,Reddit,YouTube",Strongly agree,,Strongly agree,,,,Agree,,,,,,Disagree,,Disagree,,,,Disagree,,,,,,Frequently,,Frequently,,,,Frequently,,,,,,Rarely,,Rarely,,,,Rarely,,,,,,Slightly disagree,,Disagree,,,,Slightly agree,,,,,,Agree,,Slightly agree,,,,Strongly agree,,,,,
"Twitter,YouTube,LinkedIn",Slightly agree,,,,,,Disagree,,,,Agree,,Strongly disagree,,,,,,Strongly disagree,,,,Disagree,,Occasionally,,,,,,Frequently,,,,Frequently,,Occasionally,,,,,,Frequently,,,,Rarely,,Disagree,,,,,,Disagree,,,,Agree,,Slightly agree,,,,,,Agree,,,,Agree,
"Twitter,BeReal,YouTube,Snapchat,Twitch",Slightly agree,,,,,Strongly agree,Agree,Disagree,,,,Slightly agree,Disagree,,,,,There are no advertisements,Disagree,Strongly disagree,,,,Strongly disagree,Frequently,,,,,Very Frequently,Frequently,Occasionally,,,,Frequently,Frequently,,,,,Never,Frequently,Frequently,,,,Occasionally,Strongly disagree,,,,,Agree,Disagree,Disagree,,,,Disagree,Agree,,,,,Disagree,Strongly agree,Slightly agree,,,,Disagree
"Tik Tok,YouTube,Snapchat,4Chan,LinkedIn,Twitch",,,,,Slightly agree,,Slightly agree,Strongly agree,,Agree,Slightly disagree,Strongly agree,,,,,Disagree,,Slightly disagree,Strongly disagree,,Disagree,Slightly disagree,Strongly disagree,,,,,Frequently,,Occasionally,Never,,Never,Rarely,Rarely,,,,,Frequently,,Occasionally,Very Frequently,,Frequently,Occasionally,Very Rarely,,,,,Slightly agree,,Slightly disagree,Slightly agree,,Disagree,Slightly agree,Agree,,,,,Slightly agree,,Strongly agree,Strongly disagree,,Strongly agree,Strongly disagree,Strongly agree
"Twitter,Reddit,YouTube",Slightly disagree,,Strongly agree,,,,Slightly agree,,,,,,Slightly disagree,,Slightly disagree,,,,Slightly disagree,,,,,,Occasionally,,Very Frequently,,,,Frequently,,,,,,Very Frequently,,Frequently,,,,Occasionally,,,,,,Slightly disagree,,Agree,,,,Slightly agree,,,,,,Slightly agree,,Agree,,,,Strongly agree,,,,,
"Instagram,Tik Tok,YouTube,LinkedIn",,Strongly agree,,,Agree,,Strongly agree,,,,Strongly agree,,,Slightly disagree,,,Disagree,,Strongly agree,,,,Slightly agree,,,Very Frequently,,,Frequently,,Very Frequently,,,,Very Frequently,,,Occasionally,,,Occasionally,,Occasionally,,,,Occasionally,,,Slightly agree,,,Slightly agree,,Slightly agree,,,,Strongly agree,,,Strongly agree,,,Strongly agree,,Strongly agree,,,,Slightly agree,
"Twitter,Reddit,Tumblr,YouTube,Snapchat,Facebook,LinkedIn",Slightly agree,,Agree,Agree,,,Slightly agree,Slightly disagree,Disagree,,Slightly disagree,,Disagree,,Disagree,Slightly agree,,,Strongly disagree,Strongly disagree,Disagree,,Disagree,,Occasionally,,Frequently,Frequently,,,Occasionally,Very Rarely,Never,,Occasionally,,Frequently,,Occasionally,Occasionally,,,Rarely,Very Frequently,Occasionally,,Rarely,,Strongly disagree,,Slightly disagree,Slightly agree,,,Slightly disagree,Strongly disagree,Strongly disagree,,Slightly agree,,Slightly agree,,Agree,Agree,,,Agree,Disagree,Slightly disagree,,Slightly disagree,
,,,,,,,,,,,,,,,,,,,,,,,,,,,,,,,,,,,,,,,,,,,,,,,,,,,,,,,,,,,,,,,,,,,,,,,,
"Twitter,Instagram,Reddit,YouTube,Snapchat,LinkedIn",Slightly agree,Slightly agree,Agree,,,,Slightly agree,Disagree,,,Slightly agree,,Disagree,Disagree,Disagree,,,,Agree,Strongly disagree,,,Slightly disagree,,Occasionally,Rarely,Frequently,,,,Very Frequently,Rarely,,,Occasionally,,Occasionally,Occasionally,Very Rarely,,,,Very Rarely,Occasionally,,,Rarely,,Strongly disagree,Disagree,Disagree,,,,Disagree,Disagree,,,Agree,,Disagree,Disagree,Strongly agree,,,,Strongly agree,Strongly disagree,,,Disagree,
"Twitter,Instagram,Reddit,Tik Tok,YouTube,Snapchat,Twitch",Agree,Agree,Agree,,Agree,,Agree,Agree,,,,Agree,Slightly agree,Slightly agree,Slightly agree,,Slightly agree,,Slightly agree,Slightly agree,,,,Slightly agree,Occasionally,Occasionally,Frequently,,Occasionally,,Very Frequently,Occasionally,,,,Occasionally,Very Rarely,Very Rarely,Rarely,,Rarely,,Very Rarely,Very Rarely,,,,Very Rarely,Slightly agree,Slightly agree,Slightly agree,,Slightly agree,,Slightly agree,Slightly agree,,,,Slightly agree,Slightly agree,Slightly agree,Slightly agree,,Slightly agree,,Slightly agree,Slightly agree,,,,
"Reddit,YouTube,LinkedIn",,,Agree,,,,Disagree,,,,Slightly agree,,,,Disagree,,,,Strongly disagree,,,,Disagree,,,,Occasionally,,,,Rarely,,,,Rarely,,,,Frequently,,,,Rarely,,,,Rarely,,,,Slightly disagree,,,,Slightly agree,,,,Slightly agree,,,,Slightly disagree,,,,Slightly agree,,,,Disagree,
"Instagram,Tumblr,Tik Tok,YouTube,Snapchat",,Slightly agree,,Strongly agree,Slightly agree,,Strongly agree,Strongly agree,,,,,,Slightly agree,,Slightly agree,Slightly agree,,Agree,Strongly agree,,,,,,Frequently,,Very Frequently,Frequently,,Frequently,Very Rarely,,,,,,Never,,Very Rarely,Very Rarely,,Never,Never,,,,,,Slightly agree,,Agree,Slightly agree,,Slightly agree,Slightly agree,,,,,,Disagree,,Strongly agree,Agree,,Disagree,Agree,,,,
"Instagram,Tik Tok,Snapchat,Facebook",,Disagree,,,Disagree,,,Agree,Disagree,,,,,Disagree,,,Disagree,,,There are no advertisements,Disagree,,,,,Very Frequently,,,Very Frequently,,,Very Frequently,Very Frequently,,,,,Rarely,,,Very Frequently,,,Rarely,Frequently,,,,,Disagree,,,Agree,,,Disagree,Disagree,,,,,Slightly disagree,,,Strongly agree,,,Disagree,Disagree,,,
"Twitter,Instagram,Reddit,Tik Tok,Snapchat,Twitch",Strongly agree,Agree,Strongly agree,,Agree,,,Agree,,,,Agree,Agree,Agree,Slightly disagree,,Agree,,,Disagree,,,,Slightly agree,Rarely,Occasionally,Frequently,,Frequently,,,Rarely,,,,Frequently,Frequently,Occasionally,Occasionally,,Occasionally,,,Occasionally,,,,Very Rarely,Slightly agree,Agree,Slightly agree,,Slightly agree,,,Slightly agree,,,,Agree,Slightly disagree,Disagree,Slightly agree,,Agree,,,Disagree,,,,Disagree
"Reddit,Facebook,4Chan,Twitch",,,Agree,,,,,,Strongly disagree,Strongly disagree,,Slightly disagree,,,There are no advertisements,,,,,,There are no advertisements,There are no advertisements,,There are no advertisements,,,Frequently,,,,,,Never,Never,,Never,,,Very Rarely,,,,,,Occasionally,Very Frequently,,Very Rarely,,,Slightly disagree,,,,,,Disagree,Strongly disagree,,Slightly agree,,,Disagree,,,,,,Strongly disagree,Strongly disagree,,Agree
"Instagram,Reddit,YouTube,Snapchat,Twitch",,Disagree,Strongly agree,,,,Strongly agree,Disagree,,,,Strongly agree,,Strongly disagree,Slightly agree,,,,Slightly agree,Strongly disagree,,,,Slightly disagree,,,Rarely,,,,Occasionally,,,,,Occasionally,,Occasionally,Occasionally,,,,Very Rarely,Rarely,,,,Very Rarely,,Disagree,Disagree,,,,Slightly agree,Slightly disagree,,,,Agree,,Strongly disagree,Slightly agree,,,,Agree,Disagree,,,,Disagree
"Twitter,Instagram,Reddit,Tik Tok,BeReal,YouTube,Snapchat,Twitch",Agree,Slightly agree,Slightly agree,,Slightly agree,Strongly agree,Slightly agree,Agree,,,,Agree,Disagree,Disagree,Disagree,,Disagree,There are no advertisements,Disagree,Disagree,,,,Disagree,Frequently,Very Rarely,Occasionally,,Very Frequently,Never,Frequently,Very Rarely,,,,Occasionally,Frequently,Very Rarely,Frequently,,Occasionally,Very Rarely,Occasionally,Frequently,,,,Rarely,Slightly agree,Agree,Slightly disagree,,Agree,Agree,Slightly agree,Agree,,,,Slightly agree,Agree,Disagree,Strongly disagree,,Agree,Slightly agree,Slightly agree,Slightly disagree,,,,Agree
"Twitter,Instagram,Reddit,Tik Tok,YouTube,Twitch",Agree,Strongly agree,Strongly agree,,Slightly agree,,Agree,,,,,Agree,Disagree,There are no advertisements,Slightly agree,,Slightly agree,,Disagree,,,,,Strongly disagree,Occasionally,Very Frequently,Occasionally,,Frequently,,Frequently,,,,,Occasionally,Occasionally,Rarely,Frequently,,Occasionally,,Rarely,,,,,Very Rarely,Strongly disagree,Slightly agree,Disagree,,Disagree,,Agree,,,,,Slightly agree,Slightly agree,Disagree,Slightly agree,,Strongly disagree,,Strongly agree,,,,,Strongly agree
"Instagram,Reddit,Tik Tok,YouTube",,Agree,Strongly agree,,Agree,,Strongly agree,,,,,,,Slightly disagree,Agree,,Disagree,,Strongly disagree,,,,,,,Frequently,Very Frequently,,Occasionally,,Very Frequently,,,,,,,Frequently,Very Rarely,,Frequently,,Occasionally,,,,,,,Slightly disagree,Strongly agree,,Slightly disagree,,Strongly agree,,,,,,,Agree,Slightly agree,,Slightly agree,,Strongly agree,,,,,
"Instagram,YouTube,Facebook",,Strongly agree,,,,,Strongly agree,,Strongly agree,,,,,Slightly disagree,,,,,Slightly disagree,,Slightly disagree,,,,,Frequently,,,,,Frequently,,Frequently,,,,,Frequently,,,,,Frequently,,Frequently,,,,,Agree,,,,,Strongly agree,,Slightly agree,,,,,Disagree,,,,,Strongly agree,,Slightly disagree,,,
"Twitter,Instagram,Tik Tok,YouTube,Snapchat,Facebook,LinkedIn",Agree,Agree,,,Agree,,Agree,Agree,Slightly agree,,Agree,,Agree,Agree,,,Agree,,Slightly agree,Agree,Slightly disagree,,Agree,,Frequently,Frequently,,,Frequently,,Frequently,Frequently,Frequently,,Frequently,,Very Rarely,Very Rarely,,,Occasionally,,Rarely,Very Rarely,Frequently,,Very Rarely,,Disagree,Agree,,,Disagree,,Slightly agree,Agree,Slightly disagree,,Agree,,Disagree,Disagree,,,Disagree,,Slightly disagree,Disagree,Disagree,,Disagree,
"Twitter,Instagram,Reddit,YouTube,Facebook,4Chan,LinkedIn,Twitch",Strongly disagree,Disagree,Agree,,,,Agree,,Slightly disagree,Agree,Slightly agree,Slightly agree,Disagree,Disagree,Disagree,,,,Disagree,,Strongly disagree,Disagree,Slightly disagree,Strongly disagree,Frequently,Rarely,Frequently,,,,Very Frequently,,Rarely,Never,Occasionally,Frequently,Occasionally,Rarely,Frequently,,,,Occasionally,,Rarely,Frequently,Rarely,Occasionally,Disagree,Slightly agree,Slightly agree,,,,Slightly disagree,,Slightly disagree,Strongly disagree,Agree,Slightly agree,Agree,Slightly agree,Agree,,,,Strongly agree,,Disagree,Agree,Disagree,Agree
"Instagram,Reddit,Tik Tok,Snapchat,LinkedIn",,Strongly agree,Strongly agree,,Disagree,,,Disagree,,,Strongly agree,,,Disagree,There are no advertisements,,Disagree,,,There are no advertisements,,,There are no advertisements,,,Very Frequently,Never,,Frequently,,,Never,,,Very Frequently,,,Very Rarely,Never,,Very Frequently,,,Very Frequently,,,Never,,,Slightly disagree,Slightly disagree,,Slightly disagree,,,Disagree,,,Strongly agree,,,Strongly agree,Strongly agree,,Strongly agree,,,Strongly agree,,,Strongly agree,
"Instagram,Reddit,Facebook,LinkedIn",,Slightly agree,Slightly agree,,,,,,Slightly disagree,,Slightly agree,,,Strongly disagree,Slightly disagree,,,,,,Strongly disagree,,Disagree,,,Rarely,Occasionally,,,,,,Rarely,,Rarely,,,Rarely,Occasionally,,,,,,Occasionally,,Rarely,,,Slightly disagree,Agree,,,,,,Disagree,,Agree,,,Slightly agree,Slightly agree,,,,,,Slightly agree,,Slightly agree,
"Twitter,Instagram,Reddit,Tik Tok,YouTube,Snapchat,Facebook,LinkedIn",Slightly agree,Slightly disagree,Strongly agree,,Agree,,Slightly agree,Disagree,Disagree,,Agree,,Strongly disagree,Strongly disagree,Strongly disagree,,Strongly disagree,,Strongly disagree,Disagree,Strongly disagree,,Slightly agree,,Occasionally,Occasionally,Very Frequently,,Very Frequently,,Very Frequently,Never,Rarely,,Very Rarely,,Occasionally,Occasionally,Occasionally,,Occasionally,,Never,Rarely,Frequently,,Occasionally,,Strongly disagree,Slightly agree,Strongly disagree,,Slightly disagree,,Disagree,Disagree,Disagree,,Agree,,Strongly disagree,Strongly disagree,Strongly disagree,,Strongly disagree,,Slightly disagree,Strongly disagree,Strongly disagree,,Slightly agree,
"Instagram,Reddit,YouTube,Facebook,LinkedIn",,Agree,Disagree,,,,Slightly agree,,Agree,,Agree,,,Slightly disagree,Strongly disagree,,,,,,Strongly disagree,,Slightly agree,,,Occasionally,Rarely,,,,Frequently,,Occasionally,,Occasionally,,,Very Rarely,Never,,,,Never,,Frequently,,Very Rarely,,,Agree,Slightly disagree,,,,Slightly agree,,Strongly disagree,,Slightly agree,,,Strongly agree,Disagree,,,,Strongly agree,,Slightly agree,,Disagree,
"Twitter,Reddit,Tik Tok,YouTube,Snapchat,Facebook,Twitch",Slightly agree,,Agree,,Strongly agree,,Slightly agree,Slightly agree,Slightly agree,,,Agree,Agree,,Agree,,Agree,,Agree,Slightly disagree,Agree,,,Slightly disagree,Occasionally,,Frequently,,Very Frequently,,Frequently,Occasionally,Occasionally,,,Occasionally,Frequently,,Occasionally,,Rarely,,Frequently,Occasionally,Occasionally,,,Rarely,Strongly disagree,,Slightly agree,,Slightly agree,,Disagree,Slightly agree,Strongly disagree,,,Slightly disagree,Slightly disagree,,Slightly agree,,Strongly disagree,,Slightly disagree,Strongly disagree,Strongly disagree,,,Disagree
"Reddit,4Chan",,,Strongly agree,,,,,,,Disagree,,,,,Agree,,,,,,,Agree,,,,,Frequently,,,,,,,Never,,,,,Occasionally,,,,,,,Very Frequently,,,,,Slightly agree,,,,,,,Disagree,,,,,Strongly agree,,,,,,,Slightly agree,,
"YouTube,Snapchat",,,,,,,Agree,Disagree,,,,,,,,,,,Slightly disagree,Disagree,,,,,,,,,,,Frequently,Very Rarely,,,,,,,,,,,Very Rarely,Never,,,,,,,,,,,Slightly agree,Agree,,,,,,,,,,,Agree,Strongly disagree,,,,
"Twitter,Instagram,Reddit,YouTube,Facebook,LinkedIn",Slightly disagree,Agree,Agree,,,,Strongly agree,,Agree,,Strongly agree,,Agree,Disagree,Agree,,,,Disagree,,Strongly disagree,,Agree,,Occasionally,Frequently,Frequently,,,,Occasionally,,Rarely,,Frequently,,Frequently,Frequently,Frequently,,,,Frequently,,Frequently,,Never,,Strongly disagree,Slightly agree,Agree,,,,Strongly disagree,,Slightly agree,,Strongly agree,,Disagree,Disagree,Disagree,,,,Disagree,,Disagree,,Agree,
"Instagram,Reddit,Tik Tok,YouTube,LinkedIn",,Slightly disagree,Strongly agree,,Strongly disagree,,Disagree,,,,Strongly agree,,,Slightly disagree,Slightly disagree,,Slightly disagree,,Slightly disagree,,,,Slightly disagree,,,Frequently,Frequently,,Frequently,,Occasionally,,,,Frequently,,,Rarely,Occasionally,,Frequently,,Very Rarely,,,,Very Rarely,,,Slightly agree,Agree,,Slightly agree,,Agree,,,,Strongly agree,,,Disagree,Agree,,Slightly agree,,Strongly agree,,,,Disagree,
"YouTube,Snapchat,Twitch",,,,,,,Slightly agree,Slightly agree,,,,Strongly agree,,,,,,,Disagree,Strongly disagree,,,,Slightly disagree,,,,,,,Frequently,Very Rarely,,,,Occasionally,,,,,,,Occasionally,Occasionally,,,,Rarely,,,,,,,Disagree,Disagree,,,,Slightly agree,,,,,,,Strongly agree,Disagree,,,,Agree
"Twitter,Instagram,Reddit,YouTube,Snapchat,Facebook,LinkedIn,Twitch",Agree,Strongly disagree,Strongly agree,,,,Strongly agree,Disagree,Disagree,,Slightly disagree,Strongly agree,Disagree,Strongly disagree,There are no advertisements,,,,Slightly disagree,Strongly disagree,Strongly disagree,,Slightly disagree,Disagree,Very Frequently,Very Rarely,Very Frequently,,,,Very Frequently,Very Rarely,Occasionally,,Occasionally,Rarely,Very Rarely,Frequently,Very Rarely,,,,Very Rarely,Frequently,Frequently,,Very Rarely,Very Rarely,Disagree,Slightly agree,Slightly agree,,,,Slightly agree,Slightly agree,Strongly disagree,,Slightly agree,Agree,Agree,Disagree,Agree,,,,Strongly agree,Strongly disagree,Strongly disagree,,Disagree,Strongly agree
"Instagram,Reddit,Tik Tok,YouTube,Snapchat,Facebook,LinkedIn",,Strongly agree,Strongly agree,,Slightly disagree,,Slightly agree,Strongly agree,Agree,,Strongly agree,,,Strongly disagree,Strongly disagree,,Strongly disagree,,Strongly disagree,Strongly disagree,Strongly disagree,,Strongly disagree,,,,,,,,,,,,,,,,,,,,,,,,,,,Strongly agree,Strongly agree,,Slightly disagree,,Strongly agree,Strongly agree,Disagree,,Agree,,,Slightly disagree,Agree,,Slightly agree,,Agree,Strongly disagree,Disagree,,Strongly disagree,
"Instagram,Reddit,Tik Tok,BeReal,YouTube,Snapchat,Facebook,LinkedIn",,Slightly agree,Slightly agree,,Slightly agree,Slightly agree,Slightly agree,Slightly agree,Slightly agree,,Slightly agree,,,Strongly disagree,Disagree,,Disagree,Disagree,Disagree,Disagree,Strongly disagree,,Disagree,,,Very Frequently,Occasionally,,Very Frequently,Never,Frequently,Very Rarely,Occasionally,,Frequently,,,Occasionally,Rarely,,Rarely,Never,Very Rarely,Very Frequently,Occasionally,,Rarely,,,Agree,Slightly disagree,,Slightly agree,Strongly agree,Agree,Slightly agree,Agree,,Agree,,,Strongly agree,Agree,,Strongly agree,Slightly agree,Agree,Disagree,Slightly agree,,Agree,
"Twitter,Reddit,YouTube",Agree,,Strongly agree,,,,Slightly agree,,,,,,Disagree,,Slightly disagree,,,,Disagree,,,,,,Occasionally,,Occasionally,,,,Very Frequently,,,,,,Frequently,,Very Rarely,,,,Occasionally,,,,,,Slightly agree,,Disagree,,,,Disagree,,,,,,Agree,,Disagree,,,,Slightly agree,,,,,
,,,,,,,,,,,,,,,,,,,,,,,,,,,,,,,,,,,,,,,,,,,,,,,,,,,,,,,,,,,,,,,,,,,,,,,,
"Instagram,Reddit,Facebook,LinkedIn",,Agree,Agree,,,,,,Agree,,Agree,,,Disagree,Disagree,,,,,,Disagree,,Disagree,,,Frequently,Frequently,,,,,,Very Rarely,,Never,,,Rarely,Rarely,,,,,,Rarely,,Rarely,,,Agree,Agree,,,,,,Agree,,Agree,,,Slightly agree,Slightly agree,,,,,,Slightly disagree,,Slightly agree,
"Instagram,Tumblr,YouTube,Snapchat",,Strongly disagree,,Strongly agree,,,Agree,Disagree,,,,,,Strongly disagree,,Agree,,,Strongly disagree,Disagree,,,,,,Very Frequently,,Occasionally,,,Very Frequently,Rarely,,,,,,Occasionally,,Rarely,,,Occasionally,Very Rarely,,,,,,Disagree,,Strongly agree,,,Slightly disagree,Agree,,,,,,Strongly disagree,,Strongly agree,,,Strongly agree,Strongly disagree,,,,
"Reddit,Tumblr,YouTube",,,Disagree,Strongly agree,,,Slightly agree,,,,,,,,Strongly disagree,Strongly disagree,,,Strongly disagree,,,,,,,,Frequently,Occasionally,,,Very Frequently,,,,,,,,Very Frequently,Frequently,,,Occasionally,,,,,,,,Disagree,Slightly disagree,,,Disagree,,,,,,,,Slightly disagree,Strongly agree,,,Agree,,,,,
"Twitter,Instagram,Reddit,BeReal,YouTube,Snapchat,Facebook,LinkedIn",,,,,,,,,,,,,,,,,,,,,,,,,,,,,,,,,,,,,,,,,,,,,,,,,Strongly disagree,Strongly disagree,Strongly disagree,,,Strongly disagree,Strongly disagree,Strongly disagree,Strongly disagree,,Strongly disagree,,Disagree,Slightly agree,Slightly agree,,,Disagree,Disagree,Strongly disagree,Slightly agree,,Slightly agree,
"Reddit,YouTube",,,Slightly agree,,,,Agree,,,,,,,,Disagree,,,,Disagree,,,,,,,,Frequently,,,,Frequently,,,,,,,,Frequently,,,,Occasionally,,,,,,,,Slightly disagree,,,,Slightly agree,,,,,,,,Agree,,,,Agree,,,,,
"Twitter,Instagram,Reddit,Tumblr,YouTube,Snapchat,LinkedIn,Twitch",Slightly agree,Slightly agree,Slightly disagree,Agree,,,Slightly agree,Slightly agree,,,Disagree,Slightly agree,,Slightly disagree,Disagree,,,,Strongly disagree,,,,,Disagree,Occasionally,Occasionally,Very Frequently,,,,Frequently,,,,Very Rarely,Frequently,Very Frequently,Occasionally,Frequently,Occasionally,,,Occasionally,Rarely,,,Occasionally,Occasionally,Strongly disagree,Slightly disagree,Slightly agree,,,,Slightly disagree,Disagree,,,Agree,Slightly agree,Strongly disagree,Disagree,Disagree,Slightly agree,,,Strongly agree,Strongly disagree,,,Slightly disagree,Agree
"Twitter,Instagram,Reddit,YouTube,Snapchat",Slightly agree,Slightly disagree,Agree,,,,Agree,Strongly disagree,,,,,Disagree,Agree,Slightly disagree,,,,Slightly agree,Strongly disagree,,,,,Frequently,Frequently,Occasionally,,,,Very Frequently,Never,,,,,Frequently,Occasionally,Very Rarely,,,,Occasionally,Frequently,,,,,Disagree,Slightly agree,Slightly disagree,,,,Agree,,,,,,Slightly agree,Strongly agree,Slightly disagree,,,,Slightly agree,Strongly disagree,,,,
"Reddit,YouTube",,,Slightly agree,,,,Slightly disagree,,,,,,,,Strongly disagree,,,,Strongly disagree,,,,,,,,Frequently,,,,Very Frequently,,,,,,,,Rarely,,,,Very Rarely,,,,,,,,Disagree,,,,Agree,,,,,,,,Slightly disagree,,,,Slightly disagree,,,,,
"Instagram,Reddit,Tumblr,Tik Tok,YouTube,Snapchat",,Agree,Agree,Strongly agree,Disagree,,Agree,Agree,,,,,,Strongly disagree,Strongly disagree,Strongly disagree,Strongly disagree,,Strongly disagree,Strongly disagree,,,,,,Very Frequently,Frequently,Rarely,Very Frequently,,Very Frequently,Occasionally,,,,,,Occasionally,Frequently,Frequently,Occasionally,,Frequently,Rarely,,,,,,Slightly disagree,Disagree,Slightly agree,Disagree,,Slightly disagree,Disagree,,,,,,Slightly disagree,Strongly disagree,Slightly agree,Strongly disagree,,Strongly agree,Strongly disagree,,,,
"Twitter,Instagram,Reddit,YouTube,Snapchat,4Chan,LinkedIn",Agree,Slightly disagree,Agree,,,,Agree,Agree,,Strongly disagree,Agree,,Agree,Agree,Slightly disagree,,,,Slightly disagree,Slightly disagree,,Strongly disagree,Agree,,Rarely,Very Frequently,Occasionally,,,,Very Frequently,Very Frequently,,Never,Very Frequently,,Frequently,Frequently,Occasionally,,,,Occasionally,Frequently,,Very Frequently,Occasionally,,Slightly disagree,Slightly disagree,Slightly agree,,,,Agree,Slightly disagree,,Strongly disagree,Agree,,Strongly agree,Strongly agree,Strongly agree,,,,Strongly agree,Disagree,,Strongly disagree,Strongly disagree,
"Instagram,Reddit,Tik Tok,YouTube,Snapchat,Twitch",,Slightly agree,Disagree,,Disagree,,Agree,Strongly disagree,,,,Agree,,Disagree,Disagree,,Disagree,,Disagree,Disagree,,,,Agree,,Frequently,Occasionally,,Frequently,,Very Frequently,Very Rarely,,,,Occasionally,,Never,Occasionally,,Occasionally,,Never,Very Rarely,,,,Never,,Agree,Disagree,,Agree,,Strongly agree,Slightly disagree,,,,Agree,,Agree,Strongly agree,,Agree,,Strongly agree,Strongly disagree,,,,Disagree
"Reddit,Tumblr,Tik Tok,YouTube,Snapchat",,,Slightly disagree,Strongly agree,Strongly disagree,,Strongly agree,Strongly disagree,,,,,,,Strongly disagree,Slightly agree,Strongly disagree,,Strongly disagree,Strongly disagree,,,,,,,Occasionally,Very Frequently,Rarely,,Very Frequently,Never,,,,,,,Occasionally,Very Rarely,Very Frequently,,Occasionally,Very Frequently,,,,,,,Strongly disagree,Agree,Slightly disagree,,Slightly agree,Disagree,,,,,,,Disagree,Agree,Slightly agree,,Strongly agree,Strongly disagree,,,,
,,,,,,,,,,,,,,,,,,,,,,,,,,,,,,,,,,,,,,,,,,,,,,,,,,,,,,,,,,,,,,,,,,,,,,,,
"Instagram,Reddit,YouTube,Snapchat",,Agree,Strongly agree,,,,Strongly agree,Agree,,,,,,Slightly agree,Agree,,,,Slightly agree,Slightly disagree,,,,,,Very Frequently,Occasionally,,,,Frequently,Rarely,,,,,,Rarely,Occasionally,,,,Rarely,Very Rarely,,,,,,Slightly agree,Slightly disagree,,,,Agree,Disagree,,,,,,Slightly agree,Disagree,,,,Slightly disagree,Slightly disagree,,,,
"Twitter,Instagram,Tik Tok,Snapchat",Strongly agree,,,,,,,,,,,,Strongly agree,,,,,,,,,,,,,,,,Very Frequently,,,,,,,,,,,,,,,Very Frequently,,,,,Slightly agree,Slightly agree,,,Slightly agree,,,Slightly agree,,,,,Strongly agree,,,,Strongly agree,,,Strongly agree,,,,
"Twitter,Instagram,Tik Tok,YouTube,Snapchat,Facebook",Agree,Slightly disagree,,,Strongly agree,,Agree,Agree,Disagree,,,,Disagree,Strongly disagree,,,Agree,,Disagree,Disagree,There are no advertisements,,,,Very Frequently,Very Frequently,,,Very Frequently,,Very Frequently,Rarely,Never,,,,Frequently,Frequently,,,Occasionally,,Occasionally,Occasionally,Very Frequently,,,,Strongly disagree,Slightly agree,,,Disagree,,Agree,Slightly disagree,Strongly disagree,,,,Slightly agree,Strongly disagree,,,Slightly disagree,,Strongly agree,Strongly disagree,Strongly disagree,,,
"Instagram,Tik Tok,YouTube,Facebook",,Agree,,,Disagree,,Strongly agree,,Strongly agree,,,,,Disagree,,,,,Agree,,Strongly agree,,,,,Frequently,,,Occasionally,,Occasionally,,Frequently,,,,,Occasionally,,,Occasionally,,Occasionally,,Occasionally,,,,,Slightly agree,,,Slightly agree,,Slightly disagree,,Agree,,,,,Strongly disagree,,,Strongly disagree,,Agree,,Slightly agree,,,
"YouTube,Facebook",,,,,,,Strongly agree,,Slightly disagree,,,,,,,,,,Slightly disagree,,Slightly disagree,,,,,,,,,,Occasionally,,Very Frequently,,,,,,,,,,Never,,Never,,,,,,,,,,Disagree,,Strongly disagree,,,,,,,,,,Strongly agree,,Slightly disagree,,,
"Instagram,Reddit,Tik Tok,YouTube,Facebook,4Chan,LinkedIn,Twitch",,Slightly agree,Agree,,Slightly agree,,Strongly agree,,Slightly disagree,Strongly disagree,Agree,Strongly agree,,Strongly disagree,Strongly disagree,,Strongly disagree,,Strongly disagree,,Strongly disagree,Strongly disagree,Strongly disagree,Strongly disagree,,Very Frequently,Frequently,,Very Frequently,,Occasionally,,Very Frequently,Very Rarely,Rarely,Occasionally,,Occasionally,Occasionally,,Frequently,,Very Rarely,,Frequently,Very Frequently,Very Rarely,Very Rarely,,Disagree,Slightly disagree,,Disagree,,Slightly disagree,,Disagree,Strongly disagree,Slightly agree,Slightly disagree,,Agree,Agree,,Agree,,Agree,,Agree,Disagree,Slightly agree,Slightly agree
,,,,,,,,,,,,,,,,,,,,,,,,,,,,,,,,,,,,,,,,,,,,,,,,,,,,,,,,,,,,,,,,,,,,,,,,
"Twitter,Instagram,Reddit,Tik Tok,YouTube,Snapchat,Facebook,LinkedIn",Slightly agree,Slightly agree,Agree,,Agree,,Agree,Strongly agree,Agree,,Agree,,Slightly disagree,Slightly disagree,Slightly disagree,,Slightly disagree,,Slightly disagree,Disagree,Slightly disagree,,Slightly disagree,,Occasionally,Very Frequently,Frequently,,Very Frequently,,Very Frequently,Very Frequently,Very Frequently,,Occasionally,,Occasionally,Rarely,Occasionally,,Rarely,,Rarely,Rarely,Occasionally,,Very Rarely,,Strongly disagree,Agree,Slightly agree,,Slightly agree,,Slightly agree,Agree,Slightly agree,,Agree,,Disagree,Slightly agree,Disagree,,Agree,,Strongly agree,Agree,Slightly disagree,,Disagree,
"Instagram,YouTube,Facebook",,Disagree,,,,,Disagree,,Disagree,,,,,Strongly disagree,,,,,Strongly disagree,,Strongly disagree,,,,,Occasionally,,,,,Frequently,,Occasionally,,,,,Rarely,,,,,Occasionally,,Rarely,,,,,Slightly disagree,,,,,Slightly disagree,,Slightly disagree,,,,,Slightly disagree,,,,,Strongly agree,,Slightly disagree,,,
,,,,,,,,,,,,,,,,,,,,,,,,,,,,,,,,,,,,,,,,,,,,,,,,,,,,,,,,,,,,,,,,,,,,,,,,
"Twitter,Instagram,Reddit,Tumblr,Tik Tok,YouTube,Snapchat,Facebook,LinkedIn",,,,,,,,,,,,,Disagree,Disagree,Slightly agree,Slightly disagree,Slightly disagree,,Disagree,Disagree,Slightly disagree,,Slightly disagree,,Rarely,Frequently,Rarely,Occasionally,Rarely,,Occasionally,Rarely,Frequently,,Occasionally,,,,,,,,,,,,,,Agree,Slightly disagree,Agree,Slightly agree,Strongly disagree,,Slightly agree,Disagree,Slightly disagree,,Strongly agree,,Disagree,Slightly disagree,Slightly agree,Slightly agree,Disagree,,Slightly disagree,Slightly disagree,Slightly agree,,Slightly disagree,
"Tik Tok,YouTube,Facebook",,,,,,,,,,,,,,,,,,,,,,,,,,,,,,,,,,,,,,,,,,,,,,,,,,,,,,,,,,,,,,,,,,,,,,,,
"Twitter,Instagram,Reddit,Tik Tok,YouTube,Snapchat,Facebook,LinkedIn",,,,,,,,,,,,,,,,,,,,,,,,,,,,,,,,,,,,,,,,,,,,,,,,,,,,,,,,,,,,,,,,,,,,,,,,
,,,,,,,,,,,,,,,,,,,,,,,,,,,,,,,,,,,,,,,,,,,,,,,,,,,,,,,,,,,,,,,,,,,,,,,,
"Twitter,Instagram,YouTube,Snapchat,4Chan",Agree,Agree,,,,,Agree,Slightly agree,,Slightly agree,,,Disagree,Disagree,,,,,Disagree,Disagree,,There are no advertisements,,,Occasionally,Very Rarely,,,,,Frequently,Very Rarely,,Never,,,Frequently,Frequently,,,,,Frequently,Very Frequently,,Frequently,,,Disagree,Slightly agree,,,,,Slightly agree,Disagree,,Slightly agree,,,Disagree,Disagree,,,,,Strongly agree,Strongly disagree,,Strongly disagree,,
"Instagram,Snapchat,Facebook",,,,,,,,,,,,,,,,,,,,,,,,,,,,,,,,,,,,,,Rarely,,,,,,Rarely,Rarely,,,,,Slightly disagree,,,,,,Slightly disagree,Slightly agree,,,,,Slightly agree,,,,,,Slightly disagree,Slightly agree,,,
"Instagram,Reddit,YouTube,Facebook,LinkedIn",,,,,,,Agree,,,,,,,,,,,,,,,,,,,,,,,,,,,,Frequently,,,,,,,,,,,,,,,,,,,,,,,,,,,,,,,,,,,,Slightly agree,
"Instagram,Facebook,LinkedIn",,,,,,,,,,,,,,,,,,,,,,,,,,,,,,,,,,,,,,,,,,,,,,,,,,,,,,,,,,,,,,Disagree,,,,,,,Slightly agree,,Agree,
"YouTube,Facebook",,,,,,,Strongly agree,,Disagree,,,,,,,,,,,,,,,,,,,,,,Rarely,,Very Frequently,,,,,,,,,,,,,,,,,,,,,,Agree,,Slightly agree,,,,,,,,,,,,,,,
"Instagram,YouTube,Facebook,LinkedIn",,,,,,,,,,,,,,,,,,,,,,,,,,,,,,,,,,,,,,,,,,,,,,,,,,Slightly agree,,,,,Slightly disagree,,Slightly disagree,,Agree,,,Slightly agree,,,,,Slightly agree,,Slightly agree,,Slightly disagree,
"Twitter,Instagram,Reddit,YouTube,Facebook",,,,,,,,,,,,,,,,,,,,,,,,,,,,,,,,,,,,,,,,,,,,,,,,,,,,,,,,,,,,,,,,,,,,,,,,
"Instagram,Reddit,Tik Tok,BeReal,YouTube,Snapchat,Facebook,LinkedIn",,,,,,,,,,,,,,,,,,,,,,,,,,,,,,,,,,,,,,,,,,,,,,,,,,,,,,,,,,,,,,,,,,,,,,,,
"Twitter,Instagram,Reddit,YouTube,Snapchat,Facebook,LinkedIn",,,,,,,,,,,,,Disagree,Slightly agree,Agree,,,,Slightly agree,Agree,Strongly disagree,,Slightly agree,,Frequently,Occasionally,Rarely,,,,Occasionally,Rarely,Very Frequently,,Rarely,,,,,,,,,,,,,,,,,,,,,,,,,,,,,,,,,,,,,
"Instagram,YouTube,Facebook",,,,,,,,,,,,,,,,,,,,,,,,,,,,,,,,,,,,,,,,,,,,,,,,,,,,,,,,,,,,,,,,,,,,,,,,
"Facebook,LinkedIn",,,,,,,,,,,,,,,,,,,,,,,,,,,,,,,,,,,,,,,,,,,,,,,,,,,,,,,,,,,,,,,,,,,,,,,,
"Twitter,Instagram,Tik Tok,YouTube,Snapchat,Facebook",Slightly agree,Slightly agree,,,Slightly agree,,Slightly agree,Slightly agree,Slightly agree,,,,Disagree,There are no advertisements,,,Slightly agree,,Slightly agree,There are no advertisements,Disagree,,,,Occasionally,Frequently,,,Frequently,,Frequently,Occasionally,Frequently,,,,,,,,,,,,,,,,Slightly disagree,Slightly agree,,,Slightly disagree,,Slightly agree,Slightly disagree,Slightly disagree,,,,,,,,,,,,,,,
"Instagram,YouTube,Snapchat,Facebook,LinkedIn",,Slightly disagree,,,,,Agree,Strongly agree,Slightly disagree,,Agree,,,,,,,,,,,,,,,Frequently,,,,,Occasionally,Rarely,Frequently,,Frequently,,,,,,,,,,,,,,,,,,,,,,,,,,,,,,,,,,,,,
"Instagram,Tik Tok,Facebook",,,,,,,,,,,,,,,,,,,,,,,,,,,,,,,,,,,,,,,,,,,,,,,,,,,,,,,,,,,,,,,,,,,,,,,,
"Twitter,Instagram,Tik Tok,YouTube,Snapchat,Facebook",,,,,,,,,,,,,,,,,,,,,,,,,,,,,,,,,,,,,,,,,,,,,,,,,,,,,,,,,,,,,,,,,,,,,,,,
,,,,,,,,,,,,,,,,,,,,,,,,,,,,,,,,,,,,,,,,,,,,,,,,,,,,,,,,,,,,,,,,,,,,,,,,
,,,,,,,,,,,,,,,,,,,,,,,,,,,,,,,,,,,,,,,,,,,,,,,,,,,,,,,,,,,,,,,,,,,,,,,,
"Reddit,YouTube",,,Disagree,,,,Agree,,,,,,,,Disagree,,,,Disagree,,,,,,,,Rarely,,,,Frequently,,,,,,,,Frequently,,,,Very Rarely,,,,,,,,Slightly agree,,,,Agree,,,,,,,,Strongly disagree,,,,Slightly agree,,,,,
"Twitter,Instagram,Reddit,BeReal,YouTube,Snapchat,LinkedIn,Twitch",,,,,,,,,,,,,,,,,,,,,,,,,,,,,,,,,,,,,,,,,,,,,,,,,,,,,,,,,,,,,,,,,,,,,,,,
"Twitter,Instagram,Reddit,Tumblr,Tik Tok,YouTube,Snapchat,Facebook,LinkedIn",,,,,,,,,,,,,,,,,,,,,,,,,,,,,,,,,,,,,,,,,,,,,,,,,,,,,,,,,,,,,,,,,,,,,,,,
"Twitter,Reddit,YouTube,LinkedIn",,,,,,,,,,,,,,,,,,,,,,,,,,,,,,,,,,,,,,,,,,,,,,,,,,,,,,,,,,,,,,,,,,,,,,,,
Reddit,,,,,,,,,,,,,,,,,,,,,,,,,,,,,,,,,,,,,,,,,,,,,,,,,,,,,,,,,,,,,,,,,,,,,,,,
"Twitter,Instagram,Reddit,Tik Tok,YouTube,Facebook,LinkedIn",,,,,,,,,,,,,,,,,,,,,,,,,,,,,,,,,,,,,,,,,,,,,,,,,,,,,,,,,,,,,,,,,,,,,,,,
"Twitter,Instagram,Reddit,Tumblr,Tik Tok,YouTube,Snapchat,LinkedIn",,,,,,,,,,,,,Agree,Disagree,Slightly disagree,Agree,Disagree,,Slightly disagree,Strongly agree,,,Slightly agree,,,,,,,,,,,,,,,,,,,,,,,,,,,,,,,,,,,,,,,,,,,,,,,,,
"Twitter,Instagram,Reddit,BeReal,YouTube,Snapchat,LinkedIn",,,,,,,,,,,,,,,,,,,,,,,,,,,,,,,,,,,,,,,,,,,,,,,,,,,,,,,,,,,,,,,,,,,,,,,,
"Instagram,Reddit,YouTube,Facebook",,,,,,,,,,,,,,Disagree,Disagree,,,,Disagree,,Disagree,,,,,,,,,,,,,,,,,Rarely,Rarely,,,,Occasionally,,Rarely,,,,,,,,,,,,,,,,,,,,,,,,,,,
"Twitter,Instagram,Reddit,YouTube,Facebook,LinkedIn",,,,,,,,,,,,,,,,,,,,,,,,,,,,,,,,,,,,,,,,,,,,,,,,,,,,,,,,,,,,,,,,,,,,,,,,
YouTube,,,,,,,,,,,,,,,,,,,,,,,,,,,,,,,Occasionally,,,,,,,,,,,,,,,,,,,,,,,,Disagree,,,,,,,,,,,,,,,,,
"Reddit,YouTube,Snapchat,LinkedIn,Twitch",,,Slightly agree,,,,Strongly agree,Slightly agree,,,Slightly agree,Strongly agree,,,Strongly disagree,,,,Strongly disagree,Slightly agree,,,Disagree,Strongly disagree,,,Occasionally,,,,Frequently,Occasionally,,,Occasionally,Occasionally,,,Rarely,,,,Occasionally,Frequently,,,Occasionally,Never,,,Slightly agree,,,,Slightly agree,Agree,,,Agree,Slightly agree,,,Slightly agree,,,,Agree,Strongly disagree,,,Strongly disagree,Disagree
"Twitter,Instagram,Reddit,Tik Tok,YouTube,Snapchat,Facebook,LinkedIn,Twitch",,,,,,,,,,,,,Disagree,There are no advertisements,There are no advertisements,,Disagree,,Strongly disagree,Disagree,Disagree,,There are no advertisements,Disagree,Very Frequently,Frequently,Frequently,,Frequently,,Very Frequently,Occasionally,Very Rarely,,Frequently,Frequently,Rarely,Occasionally,Rarely,,Occasionally,,Occasionally,Rarely,Occasionally,,Rarely,Rarely,,,,,,,,,,,,,,,,,,,,,,,,
"Twitter,Instagram,Reddit,Tik Tok,BeReal,YouTube,Snapchat,Facebook,LinkedIn",,,,,,,,,,,,,,,,,,,,,,,,,,,,,,,,,,,,,,,,,,,,,,,,,,,,,,,,,,,,,,,,,,,,,,,,
,,,,,,,,,,,,,,,,,,,,,,,,,,,,,,,,,,,,,,,,,,,,,,,,,,,,,,,,,,,,,,,,,,,,,,,,
"Twitter,Reddit,YouTube",,,,,,,,,,,,,,,,,,,,,,,,,,,,,,,,,,,,,,,,,,,,,,,,,,,,,,,,,,,,,,,,,,,,,,,,
"Instagram,BeReal,YouTube,Snapchat,LinkedIn,Twitch",,,,,,,,,,,,,,Strongly agree,,,,There are no advertisements,Slightly agree,Strongly disagree,,,Strongly agree,Slightly agree,,,,,,,,,,,,,,Frequently,,,,Never,Rarely,Very Frequently,,,Very Rarely,Occasionally,,Disagree,,,,Agree,Slightly disagree,Slightly agree,,,Agree,Slightly disagree,,,,,,,,,,,,
"Instagram,Reddit,YouTube,Snapchat",,,,,,,,,,,,,,,,,,,,,,,,,,Very Frequently,Rarely,,,,Very Frequently,Rarely,,,,,,Frequently,Frequently,,,,Frequently,Frequently,,,,,,,,,,,,,,,,,,,,,,,,,,,,
"Instagram,Reddit,Tik Tok,BeReal,YouTube,Snapchat",,,,,,,,,,,,,,,,,,,,,,,,,,,,,,,,,,,,,,,,,,,,,,,,,,,,,,,,,,,,,,,,,,,,,,,,
"Twitter,Reddit,YouTube,4Chan",Disagree,,Slightly agree,,,,Slightly agree,,,Strongly disagree,,,Strongly disagree,,Strongly disagree,,,,Strongly disagree,,,Strongly disagree,,,Never,,Occasionally,,,,Occasionally,,,Never,,,Rarely,,Frequently,,,,Very Frequently,,,Frequently,,,Slightly agree,,Slightly disagree,,,,Slightly agree,,,Agree,,,Strongly disagree,,Agree,,,,Strongly agree,,,Slightly agree,,
"Twitter,Reddit,YouTube,Twitch",,,,,,,,,,,,,,,,,,,,,,,,,,,,,,,,,,,,,,,,,,,,,,,,,,,,,,,,,,,,,,,,,,,,,,,,
"Twitter,Instagram,Reddit,YouTube,4Chan,Twitch",,,,,,,,,,,,,Slightly agree,Disagree,Disagree,,,,Slightly agree,,,There are no advertisements,,Strongly disagree,,,,,,,,,,,,,,,,,,,,,,,,,,,,,,,,,,,,,,,,,,,,,,,,
"Twitter,Instagram,Reddit,BeReal,YouTube,Snapchat,Facebook,LinkedIn,Twitch",,,,,,,,,,,,,,,,,,,,,,,,,,,,,,,,,,,,,,,,,,,,,,,,,,,,,,,,,,,,,,,,,,,,,,,,
"Twitter,Instagram,Reddit,Tik Tok,YouTube,Facebook,LinkedIn",,,,,,,,,,,,,,,,,,,,,,,,,,,,,,,,,,,,,,,,,,,,,,,,,,,,,,,,,,,,,,,,,,,,,,,,
"Twitter,Instagram,Reddit,Tumblr,Tik Tok,YouTube,Facebook,Twitch",Strongly disagree,Disagree,Agree,Slightly disagree,Slightly disagree,,Strongly disagree,,Strongly disagree,,,Slightly disagree,Strongly disagree,Strongly disagree,Strongly disagree,Strongly disagree,Strongly disagree,,Strongly disagree,,Strongly disagree,,,Strongly disagree,Frequently,Frequently,Occasionally,Occasionally,Frequently,,Frequently,,Rarely,,,Occasionally,Occasionally,Frequently,Rarely,Never,Occasionally,,Rarely,,Frequently,,,Never,Disagree,Slightly agree,Disagree,Disagree,Strongly disagree,,Disagree,,Disagree,,,Disagree,Disagree,Strongly disagree,Agree,Strongly disagree,Strongly disagree,,Slightly agree,,Strongly disagree,,,Disagree
"Instagram,Reddit,Tik Tok,YouTube,Snapchat,Facebook,LinkedIn",,Slightly disagree,Disagree,,Agree,,Agree,Agree,Slightly agree,,Slightly agree,,,Disagree,There are no advertisements,,Agree,,Disagree,Agree,Slightly agree,,Slightly disagree,,,Frequently,Rarely,,Very Frequently,,Very Frequently,Rarely,Frequently,,Occasionally,,,Occasionally,Frequently,,Very Rarely,,Occasionally,Very Rarely,Rarely,,Very Rarely,,,,,,,,,,,,,,,Strongly agree,Slightly agree,,Strongly agree,,Agree,Disagree,Strongly agree,,Slightly disagree,
"Reddit,Facebook,LinkedIn",,,Slightly disagree,,,,,,Slightly disagree,,Agree,,,,,,,,,,,,,,,,,,,,,,,,,,,,,,,,,,,,,,,,,,,,,,,,,,,,Slightly disagree,,,,,,Agree,,Agree,
"Instagram,Reddit,Tumblr,YouTube,Snapchat,Twitch",,Disagree,Strongly agree,Strongly agree,,,Slightly agree,Strongly agree,,,,Strongly agree,,Strongly disagree,Strongly disagree,Strongly disagree,,,Strongly disagree,Strongly disagree,,,,There are no advertisements,,Very Rarely,Occasionally,Never,,,Occasionally,Never,,,,Never,,Very Rarely,Very Rarely,Never,,,Never,Very Rarely,,,,Never,,Agree,Agree,Strongly agree,,,Slightly agree,,,,,Slightly agree,,Agree,Strongly agree,Agree,,,Strongly agree,Strongly disagree,,,,Strongly disagree
"Instagram,Tik Tok,YouTube,Snapchat,Facebook,LinkedIn",,Slightly disagree,,,Slightly agree,,Strongly agree,Strongly agree,Strongly agree,,Agree,,,Strongly disagree,,,Disagree,,Strongly disagree,Agree,Disagree,,There are no advertisements,,,Occasionally,,,Occasionally,,Very Frequently,Frequently,Frequently,,Occasionally,,,Rarely,,,Occasionally,,Never,Rarely,Very Rarely,,Never,,,Agree,,,Agree,,Agree,Agree,Agree,,Strongly agree,,,Disagree,,,Slightly agree,,Slightly disagree,Disagree,Agree,,Disagree,
"Instagram,Reddit,YouTube,LinkedIn",,Strongly disagree,Slightly agree,,,,Strongly disagree,,,,Slightly disagree,,,Strongly disagree,Disagree,,,,Strongly disagree,,,,Slightly disagree,,,Never,Occasionally,,,,Occasionally,,,,Rarely,,,Very Frequently,Very Frequently,,,,Very Frequently,,,,Frequently,,,Slightly disagree,Slightly agree,,,,Slightly agree,,,,Slightly agree,,,Strongly disagree,Agree,,,,Disagree,,,,Agree,
,,,,,,,,,,,,,,,,,,,,,,,,,,,,,,,,,,,,,,,,,,,,,,,,,,,,,,,,,,,,,,,,,,,,,,,,
"Reddit,Tumblr,Snapchat",,,Agree,Agree,,,,Slightly disagree,,,,,,,Strongly agree,Slightly agree,,,,Strongly disagree,,,,,,,Occasionally,Frequently,,,,Occasionally,,,,,,,Occasionally,Occasionally,,,,Rarely,,,,,,,Slightly agree,Agree,,,,Agree,,,,,,,Slightly agree,Agree,,,,Disagree,,,,
"Instagram,Reddit,YouTube,Snapchat,Twitch",,Slightly disagree,Slightly agree,,,,Strongly agree,Disagree,,,,Agree,,Agree,Agree,,,,Strongly disagree,Agree,,,,Slightly disagree,,Very Rarely,Occasionally,,,,Frequently,Rarely,,,,Frequently,,Very Rarely,Rarely,,,,Never,Never,,,,Never,,Agree,Slightly disagree,,,,Agree,Agree,,,,Agree,,Slightly disagree,Disagree,,,,Strongly agree,Disagree,,,,Agree
"Twitter,Reddit,Tik Tok,YouTube,Snapchat,Twitch",Disagree,,Slightly agree,,Slightly agree,,Agree,Agree,,,,Strongly agree,Disagree,,Disagree,,There are no advertisements,,Disagree,There are no advertisements,,,,Slightly agree,Frequently,,Never,,Never,,Very Frequently,Occasionally,,,,Occasionally,Occasionally,,Occasionally,,Rarely,,Rarely,Never,,,,Very Rarely,Slightly disagree,,Slightly agree,,Strongly disagree,,Disagree,Slightly agree,,,,Disagree,Slightly disagree,,Disagree,,Disagree,,Strongly agree,Strongly disagree,,,,Agree
"Twitter,Reddit,YouTube,LinkedIn,Twitch",Slightly agree,,Agree,,,,Agree,,,,Slightly agree,Agree,Slightly disagree,,Strongly disagree,,,,Strongly disagree,,,,Slightly disagree,Slightly disagree,Frequently,,Frequently,,,,Very Frequently,,,,Occasionally,Occasionally,Frequently,,Occasionally,,,,Occasionally,,,,Rarely,Rarely,Disagree,,Slightly disagree,,,,Slightly agree,,,,Agree,Slightly agree,Slightly disagree,,Agree,,,,Strongly agree,,,,Slightly agree,Disagree
"Instagram,Reddit,YouTube,Snapchat,Facebook,LinkedIn",,,,,,,,,,,,,,,,,,,,,,,,,,,,,,,,,,,,,,,,,,,,,,,,,,,,,,,,,,,,,,Strongly agree,Disagree,,,,Slightly agree,Strongly disagree,Slightly disagree,,Slightly disagree,
"Twitter,Instagram,Reddit,Tik Tok,YouTube,Snapchat,Facebook,LinkedIn",Slightly agree,Agree,Slightly agree,,Disagree,,Slightly agree,Strongly agree,Slightly disagree,,Slightly agree,,Strongly disagree,Strongly disagree,Strongly disagree,,There are no advertisements,,Strongly disagree,Slightly agree,Strongly disagree,,Slightly disagree,,Frequently,Occasionally,Very Frequently,,Very Frequently,,Very Frequently,Occasionally,Occasionally,,Frequently,,Occasionally,Very Rarely,Rarely,,Rarely,,Rarely,Rarely,Rarely,,Never,,Slightly disagree,Slightly disagree,Slightly disagree,,Slightly agree,,Slightly agree,Disagree,Disagree,,Strongly agree,,Slightly disagree,Strongly disagree,Agree,,Slightly agree,,Strongly agree,Disagree,Strongly disagree,,Disagree,
"Twitter,Instagram,Reddit,Tik Tok,BeReal,YouTube,Snapchat,Facebook,LinkedIn",,,,,,,,,,,,,,,,,,,,,,,,,,,,,,,,,,,,,,,,,,,,,,,,,,,,,,,,,,,,,,,,,,,,,,,,
"Twitter,Instagram,Reddit,BeReal,YouTube,Snapchat,Facebook,LinkedIn",,,,,,,,,,,,,,,,,,,,,,,,,Frequently,Very Rarely,Rarely,,,Occasionally,Frequently,Never,Very Rarely,,Occasionally,,,,,,,,,,,,,,Strongly disagree,Slightly disagree,Strongly disagree,,,Agree,Agree,Disagree,Strongly disagree,,Slightly disagree,,,,,,,,,,,,,
"Twitter,Instagram,Tumblr,Tik Tok,YouTube,Snapchat,Facebook,LinkedIn",,,,,,,,,,,,,,,,,,,,,,,,,,,,,,,,,,,,,Occasionally,Occasionally,,Rarely,Occasionally,,Rarely,Never,Occasionally,,Never,,,,,,,,,,,,,,,,,,,,,,,,,
"Twitter,Instagram,Reddit,Tik Tok,YouTube,Snapchat,Facebook,4Chan,LinkedIn,Twitch",Slightly agree,Slightly agree,Strongly agree,,Strongly agree,,Strongly agree,Slightly agree,Slightly agree,Strongly disagree,Agree,Slightly agree,,,,,,,,,,,,,,,,,,,,,,,,,Very Rarely,Very Rarely,Rarely,,Very Rarely,,Very Rarely,Never,Very Rarely,Occasionally,Never,Never,,,,,,,,,,,,,Slightly agree,Slightly agree,Strongly agree,,Strongly agree,,Strongly agree,Slightly agree,Slightly agree,Slightly disagree,Slightly disagree,Slightly disagree
"Twitter,Instagram,Reddit,Tik Tok,YouTube,LinkedIn",Agree,Strongly disagree,Strongly agree,,Slightly disagree,,Strongly agree,,,,Slightly agree,,There are no advertisements,Strongly disagree,There are no advertisements,,Disagree,,There are no advertisements,,,,There are no advertisements,,,,,,,,,,,,,,Never,Never,Never,,Never,,Never,,,,Never,,,,,,,,,,,,,,,,,,,,,,,,,
"Instagram,YouTube",,Slightly disagree,,,,,Strongly agree,,,,,,,Disagree,,,,,Strongly agree,,,,,,,Frequently,,,,,Occasionally,,,,,,,,,,,,,,,,,,,Strongly disagree,,,,,Agree,,,,,,,Strongly disagree,,,,,Strongly agree,,,,,
"Twitter,Instagram,Reddit,Tik Tok,BeReal,YouTube,Snapchat,Facebook,4Chan,LinkedIn,Twitch",,,,,,,,,,,,,,,,,,,,,,,,,,,,,,,,,,,,,,,,,,,,,,,,,,,,,,,,,,,,,,,,,,,,,,,,
"Twitter,Instagram,Reddit,YouTube,LinkedIn",,,,,,,,,,,,,,,,,,,,,,,,,,,,,,,,,,,,,,,,,,,,,,,,,,,,,,,,,,,,,,,,,,,,,,,,
"Instagram,Tumblr,YouTube,Snapchat",,Disagree,,Strongly agree,,,Disagree,Slightly agree,,,,,,Disagree,,Slightly agree,,,Disagree,Disagree,,,,,,Very Frequently,,Never,,,Very Frequently,Very Frequently,,,,,,Occasionally,,Rarely,,,Occasionally,Occasionally,,,,,,Strongly disagree,,Agree,,,Disagree,Slightly disagree,,,,,,Slightly agree,,Strongly agree,,,Slightly disagree,Slightly disagree,,,,
"Instagram,Reddit,Tik Tok,BeReal,YouTube,Snapchat,Facebook,LinkedIn",,,,,,,,,,,,,,,,,,,,,,,,,,,,,,,,,,,,,,,,,,,,,,,,,,,,,,,,,,,,,,,,,,,,,,,,
"Twitter,Reddit,YouTube",Strongly disagree,,Strongly disagree,,,,Disagree,,,,,,Slightly disagree,,Disagree,,,,Strongly disagree,,,,,,Occasionally,,Never,,,,Occasionally,,,,,,Occasionally,,Very Frequently,,,,Occasionally,,,,,,Disagree,,Strongly disagree,,,,Slightly disagree,,,,,,Strongly disagree,,Agree,,,,Agree,,,,,
"Instagram,Tik Tok,BeReal,YouTube,Snapchat,LinkedIn",,,,,,,,,,,,,,,,,,,,,,,,,,,,,,,,,,,,,,Occasionally,,,Occasionally,Never,Occasionally,Occasionally,,,Never,,,,,,,,,,,,,,,,,,,,,,,,,
,,,,,,,,,,,,,,,,,,,,,,,,,,,,,,,,,,,,,,,,,,,,,,,,,,,,,,,,,,,,,,,,,,,,,,,,
,,,,,,,,,,,,,,,,,,,,,,,,,,,,,,,,,,,,,,,,,,,,,,,,,,,,,,,,,,,,,,,,,,,,,,,,
"Twitter,Instagram,Reddit,Tik Tok,YouTube,Snapchat,Twitch",Slightly agree,Slightly agree,Slightly agree,,Slightly agree,,Agree,Agree,,,,Agree,Disagree,Slightly agree,Disagree,,Slightly disagree,,Disagree,Slightly agree,,,,Slightly agree,Frequently,Frequently,Frequently,,Frequently,,Frequently,Frequently,,,,Frequently,Frequently,Occasionally,Frequently,,Frequently,,Occasionally,Occasionally,,,,Rarely,Disagree,Slightly disagree,Disagree,,Slightly disagree,,Slightly agree,Slightly agree,,,,Agree,Slightly agree,Agree,Disagree,,Disagree,,Agree,Strongly agree,,,,Strongly agree
,,,,,,,,,,,,,,,,,,,,,,,,,,,,,,,,,,,,,,,,,,,,,,,,,,,,,,,,,,,,,,,,,,,,,,,,
"Twitter,Instagram,Tik Tok,BeReal,YouTube,Snapchat,Facebook,LinkedIn",,,,,,,,,,,,,,,,,,,,,,,,,,,,,,,,,,,,,,,,,,,,,,,,,,,,,,,,,,,,,,,,,,,,,,,,
"Twitter,Instagram,Reddit,Tik Tok,BeReal,YouTube,Snapchat,Facebook,LinkedIn",,,,,,,,,,,,,,,,,,,,,,,,,,,,,,,,,,,,,,,,,,,,,,,,,,,,,,,,,,,,,,,,,,,,,,,,
"Twitter,Instagram,Reddit,Tik Tok,YouTube,Snapchat,Facebook",,,,,,,,,,,,,Disagree,,,,,,,,,,,,Very Frequently,Rarely,,,Occasionally,,Frequently,,,,,,Very Rarely,Never,Very Rarely,,Never,,Never,,,,,,Agree,Strongly disagree,Slightly agree,,Strongly disagree,,Strongly agree,,Strongly disagree,,,,,,,,,,,,,,,
"Instagram,Reddit,Tik Tok,BeReal,YouTube,Snapchat,LinkedIn",,,,,,,,,,,,,,,,,,,,,,,,,,,,,,,,,,,,,,,,,,,,,,,,,,,,,,,,,,,,,,,,,,,,,,,,
"Twitter,Instagram,Reddit,Tik Tok,BeReal,Snapchat,Facebook,LinkedIn",,,,,,,,,,,,,,,,,,,,,,,,,,,,,,,,,,,,,Very Rarely,Very Rarely,Frequently,,Rarely,Very Rarely,,Never,Occasionally,,Very Rarely,,,,,,,,,,,,,,,,,,,,,,,,,
"Twitter,Instagram,Reddit,Tik Tok,YouTube,Snapchat,Facebook",Strongly agree,Strongly agree,Strongly agree,,Strongly agree,,Strongly agree,Strongly agree,Strongly agree,,,,,,,,,,,,,,,,,,,,,,,,,,,,,,,,,,,,,,,,,,,,,,,,,,,,,,,,,,,,,,,
"Twitter,Instagram,Tumblr,Tik Tok,YouTube,Snapchat,Twitch",,,,,,,,,,,,,,,,,,,,,,,,,,,,,,,,,,,,,,,,,,,,,,,,,,,,,,,,,,,,,,,,,,,,,,,,
"Twitter,Instagram,Tik Tok,BeReal,YouTube,Snapchat,Facebook,LinkedIn",Slightly agree,Slightly disagree,,,Strongly agree,Strongly agree,Agree,Slightly disagree,Slightly disagree,,Disagree,,Agree,Slightly disagree,,,Disagree,There are no advertisements,Slightly agree,Disagree,Slightly disagree,,Slightly agree,,Very Frequently,Frequently,,,Very Frequently,Never,Very Frequently,Occasionally,Occasionally,,Occasionally,,,,,,,,,,,,,,Slightly disagree,Slightly disagree,,,Slightly agree,Strongly agree,Slightly agree,Agree,Disagree,,Agree,,Slightly agree,Slightly disagree,,,Agree,Agree,Agree,Slightly disagree,Strongly disagree,,Slightly disagree,
"Reddit,Snapchat,LinkedIn",,,Slightly agree,,,,,Slightly agree,,,Agree,,,,Slightly disagree,,,,,Slightly disagree,,,Slightly disagree,,,,Occasionally,,,,,Never,,,Frequently,,,,Very Rarely,,,,,Never,,,Very Rarely,,,,Disagree,,,,,Disagree,,,Agree,,,,Agree,,,,,Agree,,,Agree,
"Twitter,Reddit,Tumblr,YouTube,LinkedIn",Disagree,,Slightly disagree,Slightly agree,,,Slightly agree,,,,Slightly agree,,Slightly agree,,Agree,Slightly agree,,,Slightly disagree,,,,Slightly agree,,Occasionally,,Occasionally,Occasionally,,,Frequently,,,,Occasionally,,Occasionally,,Very Rarely,Occasionally,,,Occasionally,,,,Never,,Slightly disagree,,Slightly agree,Slightly agree,,,Agree,,,,Strongly agree,,Disagree,,Slightly disagree,Slightly agree,,,Agree,,,,Slightly disagree,
"Instagram,Reddit,YouTube,Snapchat,LinkedIn",,Disagree,Slightly agree,,,,Disagree,Disagree,,,Agree,,,Strongly disagree,Strongly disagree,,,,Strongly disagree,Strongly disagree,,,Strongly disagree,,,Occasionally,Occasionally,,,,Occasionally,Occasionally,,,Occasionally,,,Rarely,Occasionally,,,,Rarely,Rarely,,,Rarely,,,Strongly disagree,Strongly disagree,,,,Strongly disagree,Strongly disagree,,,Strongly agree,,,Strongly disagree,Strongly disagree,,,,,Strongly disagree,,,Strongly disagree,
